char,freq
病例,1792
讨论,1197
治疗,1097
求助,814
请教,721
诊断,677
请,639
公布,518
脑出血,499
神经,472
神经科,452
病变,452
颅内,430
中,416
答案,415
患者,402
脑,384
癫痫,373
晨读,373
手术,373
出血,347
神经外科,335
头痛,330
一例,328
病人,319
原因,313
占位,301
影像,283
病,281
月,280
神经内科,279
临床,275
病理,264
性,264
脑梗死,258
1,250
年,239
急性,231
岁,229
求,226
指南,223
分析,220
学习,213
术后,210
卒,210
CT,209
综合征,205
3,204
脑梗塞,204
2,201
疾病,201
动脉,200
脊髓,199
神经病,186
天,185
解剖,185
发作,178
读片,173
病历,173
学,168
动脉瘤,168
损伤,168
颅脑,168
MRI,165
血肿,162
上传,162
疑难,162
请问,159
异常,159
无力,158
伴,155
进展,154
老师,146
帮忙,146
障碍,145
申请,144
溶栓,143
大神,142
血管,142
蛛网膜,141
脑干,139
典型,137
头晕,136
医生,133
脑室,132
梗死,129
肿瘤,129
病因,127
神经系统,127
双侧,125
信号,125
突发,125
病灶,124
定位,123
药物,122
谢谢,121
推荐,120
肢体,119
双下肢,119
昏迷,119
高血压,118
神内,117
擂台,117
反复,116
脑血管病,115
小脑,115
麻木,115
下腔,114
男性,113
脑血管,112
眩晕,111
脑炎,110
鉴别,109
经验交流,108
定性,107
大脑,107
麻痹,106
分享,106
4,106
意识,106
脑卒中,106
症状,105
缺血性,105
交流,105
中国,105
医院,104
高手,104
看图,104
右侧,104
方法,104
门诊,103
多发,102
说话,100
介入,100
左侧,100
做,99
表现,98
女性,97
求教,95
瘤,95
区,95
例,94
这是,94
见闻,92
片子,92
发热,92
急,91
标准,91
5,91
最新,91
诊治,90
小时,90
硬膜,90
基底节,90
静脉,90
合并,89
青年,89
脑病,89
相关,89
查因,88
系列,88
抽搐,88
10,87
四肢,87
外伤,87
研究,85
原创,85
白质,85
方案,85
奇怪,85
星期二,84
战友,83
重症,82
版,82
征,82
帕金森病,82
头颅,81
教授,81
待查,81
脑脊液,81
6,80
脑外伤,80
双,79
感染,79
面瘫,79
检查,79
少见,78
神外,78
丘脑,78
持续,78
指导,78
影像学,76
专家,76
多发性,76
甘露醇,76
肌无力,75
痴呆,74
新,73
翻译,73
加重,72
会诊,72
呕吐,71
进行性,71
图片,71
上肢,70
系统,69
乏力,68
腰,68
肌,67
性质,67
灶,66
选择,66
症,65
穿,65
左,65
说,65
下降,65
高,65
网站,65
情况,64
脑积水,64
神经科学,64
颅骨,64
血栓,64
发现,63
畸形,63
综述,63
入路,62
机制,62
肌肉,62
疼痛,62
不明,61
区别,61
状态,61
术,61
罕见,61
8,59
前,59
阅片,59
脑梗,59
时,58
医学,58
2018,58
问,57
震颤,57
梗塞,57
压,57
胶质瘤,57
主题词,56
慢性,56
病案,56
导致,56
幻灯,55
综合症,55
共济失调,55
加,54
帕金森,54
右,53
文献,53
囊肿,53
紧急,53
血压,52
感觉,52
模型,52
修改,52
指点,52
脑膜瘤,51
指教,51
行走,51
颅,51
想,51
奖励,51
TIA,51
基底,51
硬化,51
问答,51
用药,51
药,50
大鼠,50
早期,50
萎缩,50
图,50
硬膜外,50
狭窄,50
窦,49
美国,49
大面积,49
视频,49
文章,49
几个,49
谈谈,49
量表,48
头部,48
多发病,48
痉挛,48
共享,48
脱髓鞘,48
巴利,48
前辈,48
2017,48
常见,48
医师,48
脑膜炎,48
进修,48
提供,48
不清,48
瞳孔,48
20,48
菜鸟,47
周,47
活动,47
常用,47
预后,47
激素,47
经验,47
格林,47
有没有,46
评分,46
老年,46
改变,46
肌麻痹,46
偏瘫,46
研究生,45
希望,45
研究进展,45
外科,45
附,45
片,45
诊疗,45
不稳,45
入院,44
解释,44
预防,44
控制,44
样,44
更新,44
专业,44
瘫痪,44
偏头痛,44
有理有据,43
有意思,43
反射,43
下载,43
部位,43
下肢,43
脑电图,42
钙化,42
疝,42
探讨,42
颈内,42
颅底,41
书,41
共识,41
中枢神经,41
建议,41
四肢无力,41
低,41
病史,41
造影,41
功能,41
积液,41
急性期,41
加分,41
垂体,41
介绍,41
磁共振,41
颈动脉,40
胼胝,40
发病,40
侧脑室,40
脊髓炎,40
死亡,39
国际,39
侧,39
7,39
晕厥,39
垂体瘤,39
损害,39
抗,38
言语,38
延髓,38
中毒,38
外,38
微创,38
支架,38
困难,38
经典,38
北京,37
判断,37
脑膜,37
每日,37
儿童,37
开颅,37
DSA,37
中风,37
帮,37
血小板,37
月余,36
脑缺血,36
北京市,36
复视,36
对称性,36
型,36
减退,36
幻灯片,36
全身,36
转移,36
体,35
康复,35
时间,35
记忆力,35
鞍区,35
变,35
杂志,35
眼,35
额叶,35
阿司匹林,35
确诊,35
请求,35
发生,34
运动神经元,34
疑问,34
细胞,34
抗凝,34
引流,34
急诊,34
主任,34
中年,34
2016,34
管理,34
防治,34
半年,34
神经炎,33
增高,33
病毒性,33
血管瘤,33
房颤,33
中枢性,33
格式,33
梗,33
动画,33
精神,33
认知,32
头,32
发表,32
运动,32
肌萎缩,32
视力,32
张力,32
书籍,32
教学,32
英文,32
桥,32
MR,32
肌电图,31
皮层,31
丁香,31
一周,31
脑萎缩,31
小儿,31
of,31
减压,31
技术,31
神,31
重型,31
报告,31
三,31
解剖学,31
一篇,31
快速,31
强化,31
失语,30
征集,30
王,30
求解,30
国内,30
误诊,30
风险,30
9,30
意见,30
工作,29
抗癫痫,29
年轻,29
考研,29
两个,29
鞍,29
脑桥,29
试题,29
全国,29
发帖,29
关系,29
恶心,29
球,28
体会,28
糖尿病,28
分类,28
病情,28
颞叶,28
三叉神经痛,28
要点,28
面部,28
发,28
栓塞,28
强直,28
缺血,28
闭塞,27
海马,27
整理,27
皮质,27
摘要,27
营养不良,27
脱水,27
脑水肿,27
2005,27
真的,27
16,27
会议,27
规范,27
作用,27
二,27
or,27
外伤性,26
值得,26
一张,26
男,26
骨折,26
注意事项,26
汇总,26
分水岭,26
起病,26
顽固性,26
Neurology,26
基础,26
自主,26
11,26
见到,26
补充,26
期刊,26
高压,26
睡眠,26
新进展,26
双眼,26
核,26
穿刺,26
四,26
动静脉,25
入门,25
阿尔茨海默,25
哪位,25
变化,25
影响,25
DWI,25
SAH,25
脑栓塞,25
里,25
蛋白,25
位置,25
先,25
分型,25
对称,25
教材,24
资源,24
腔,24
查体,24
过程,24
日,24
2004,24
显微,24
并发症,24
内科,24
体征,24
帖,24
灌注,24
破裂,24
动眼神经,24
常规,24
硬,24
头皮,24
脓肿,24
烟雾,23
提示,23
窝,23
D,23
吞咽困难,23
已出,23
痛,23
博士,23
12,23
头疼,23
视物,23
管瘤,23
2003,23
生理,23
呼吸,23
一侧,23
变性,23
感谢,23
失眠,23
女,23
双手,23
囊虫,23
抖动,23
版主,23
颈椎病,23
精品,23
后遗症,23
住院,23
核磁,23
支持,22
解答,22
升高,22
脊柱,22
讨论一下,22
伴有,22
椎动脉,22
分流,22
期,22
评估,22
24,22
血,22
30,22
新手,22
模糊,22
颞,22
定义,22
18,22
瘫,22
脑内,22
天坛医院,21
海绵,21
弥漫性,21
录像,21
考,21
点,21
原发性,21
时机,21
交通,21
怎么回事,21
海绵状,21
园,21
意外,21
颅咽,21
标题,20
修补,20
了吗,20
骨瓣,20
东西,20
脑部,20
量,20
听神经,20
降压,20
气管,20
短暂性,20
未,20
公告,20
阳性,20
长期,20
讲座,20
眼球,20
腺瘤,20
眼睑,20
自发性,20
效果,20
策略,20
认知障碍,20
技巧,20
CPC,20
ct,20
双抗,20
脑肿瘤,20
检测,20
办法,20
动物模型,19
转载,19
一步,19
破入,19
电,19
一本,19
分级,19
案例,19
面神经,19
知识,19
转,19
一点,19
软件,19
机理,19
解读,19
高密度,19
下垂,19
思路,19
恢复,19
考试,19
右眼,19
简单,19
嗜睡,19
顶叶,19
结核性,19
资料,19
阅读,19
有何,19
MS,19
夹层,19
SCI,19
第一次,19
所致,19
在线,19
现状,19
一年,19
头昏,19
师妹,18
师弟,18
我答,18
占位性,18
论坛,18
免费,18
舞蹈,18
区分,18
图像,18
呃逆,18
因素,18
指征,18
腹腔,18
单侧,18
阵发性,18
国外,18
贴,18
丧失,18
复查,18
中央,18
颈椎,18
椎管,18
面,18
参与,18
枕叶,18
分子,18
取栓,18
图识病,18
营养,18
水肿,18
假性,18
降低,17
淋巴瘤,17
复发,17
非,17
额,17
特发性,17
求救,17
脑损伤,17
循环,17
方式,17
反应迟钝,17
大侠,17
报道,17
临床表现,17
高见,17
记忆,17
压力,17
剂量,17
睑下垂,17
实用,17
咨询,17
发布,17
应,17
原则,17
高热,17
医疗,17
斑块,17
内容,17
识别,17
次,17
视神经,17
影,17
外侧,17
制作,17
保守,17
链接,16
超,16
清除,16
精彩,16
救治,16
全文,16
神经性,16
复习,16
天坛,16
服用,16
半球,16
隐,16
成像,16
偏侧,16
周围神经,16
猜,16
找,16
截瘫,16
指,16
镇静,16
走路,16
低钠血症,16
余,16
中脑,16
凹陷,16
考博,16
一位,16
急求,16
论文,16
最佳,16
受累,16
流程,16
NEJM,16
同仁,16
不错,16
100,16
有用,16
颈,16
急急,15
讨论会,15
空洞,15
脑外科,15
同道,15
原理,15
干细胞,15
癫痫病,15
脑外,15
阴性,15
有无,15
照片,15
面肌,15
MCAO,15
治,15
放射,15
301,15
NIHSS,15
同步,15
解剖图,15
理,15
临床医学,15
已有,15
14,15
哪种,15
计算,15
中后,15
可否,15
AHA,15
近期,15
并发,15
回顾,15
免疫性,15
进一步,15
成立,15
吃,15
肌力,15
血管性,15
视,15
全,15
看法,15
抽动,15
家属,15
消失,15
低血压,15
亚急性,15
后续,15
丁当,15
血管病,15
写,15
尖,15
不知,15
故事,14
19,14
参加,14
版块,14
操作,14
必备,14
请进,14
微,14
脑血栓,14
休克,14
角,14
术前,14
50,14
低密度,14
用法,14
酶,14
亚,14
天后,14
急症,14
待定,14
17,14
后颅,14
篇,14
脑神经,14
缺损,14
吉兰,14
实验,14
带状疱疹,14
颈部,14
错误,14
分离,14
概念,14
CTA,14
结构,14
猜猜,14
球菌,14
精神异常,14
深,14
鞘,14
注射,14
钻孔,14
15,14
教训,14
创伤性,14
余天,14
刺激,14
年余,14
需,14
分布,14
一个月,14
二级,14
中心,14
规范化,14
忠诚,14
手抖,14
下丘脑,14
拥军,13
路,13
瘘,13
成长,13
朋友,13
半月,13
更好,13
25,13
思考,13
谈,13
测试,13
抗体,13
成人,13
宣武医院,13
多长时间,13
断层,13
几张,13
出汗,13
简介,13
表,13
散大,13
减少,13
评价,13
椎,13
胡言乱语,13
步态,13
运动障碍,13
分,13
啥病,13
斑竹,13
联合,13
过吗,13
积气,13
该不该,13
部,13
新发,13
膨出,13
最新进展,13
今日,13
尿激酶,13
诊断学,13
上海,13
神经功能,13
改善,13
提问,13
东东,13
是啥,13
烦躁,13
想到,13
水平,13
这例,13
腔隙性,13
理解,13
试验,13
耳鸣,13
同行,13
专题讨论,13
不好,13
精华,13
届,12
MRA,12
硕士,12
T1,12
神经纤维,12
课件,12
主编,12
学术会议,12
切开,12
对侧,12
顶,12
同侧,12
指标,12
责任,12
幕,12
类,12
止血,12
保护,12
讲课,12
豆状,12
手,12
抑郁症,12
总,12
重度,12
难,12
行,12
合适,12
意义,12
溶解,12
帮帮忙,12
ASA,12
变色龙,12
长,12
网址,12
挫裂伤,12
心源性,12
ALS,12
详细,12
GBS,12
22,12
出血性,12
小孩,12
调查,12
深部,12
分钟,12
余年,12
初学者,12
间断,12
左眼,12
膜,12
肌病,12
信息,12
尿崩,12
支配,12
读懂,12
恢复期,12
持续性,12
疗效,12
伤,12
补液,12
肿胀,12
前庭,12
一图,12
翼点,12
本书,12
一种,12
抗栓,12
体积,12
帖子,12
低温,12
医,12
髓,12
抗生素,11
OR,11
学分,11
代谢,11
笔记,11
好书,11
动脉硬化,11
看下,11
汀,11
性眼,11
英语,11
用量,11
炎症,11
甘油,11
PDF,11
轻度,11
物,11
厉害,11
失明,11
侵袭,11
自主运动,11
大会,11
解决,11
价值,11
副,11
基层,11
中文,11
培训,11
糖,11
看个,11
植物,11
世界,11
累及,11
专题,11
遗传病,11
脊,11
积分,11
2015,11
A,11
神经节,11
现象,11
少年,11
CPA,11
成功,11
呛咳,11
40,11
剧烈,11
揭晓,11
失禁,11
轴索,11
三天,11
扩张,11
车祸,11
选,11
内外科,11
就诊,11
增加,11
痉挛性,11
体位,11
可逆性,11
侧面,11
回答,11
遗传性,11
几本,11
肿物,11
评分标准,11
值班,11
夜班,10
TCD,10
赐教,10
手指,10
委员会,10
用于,10
新型,10
口服,10
显微外科,10
一月,10
发展,10
巴雷,10
一文,10
大夫,10
pdf,10
中医,10
中文版,10
基因,10
集萃,10
功能障碍,10
影象,10
肝素,10
若干,10
生命,10
果糖,10
炎,10
多谢,10
学生,10
免,10
科研,10
科室,10
思维,10
图解,10
详解,10
站点,10
完毕,10
见过,10
继发,10
学会,10
flash,10
淀粉,10
紊乱,10
坏死,10
给予,10
引流术,10
动作,10
无症状,10
一眼,10
有奖,10
安定,10
口诀,10
缓解,10
复苏,10
出血量,10
一氧化碳,10
青少年,10
对照,10
讲义,10
发个,10
髓鞘,10
供血,10
楼主,10
高清,10
建立,10
男孩,10
小便,10
性骨折,10
婴儿,10
张,10
一名,10
苷,10
五,10
不等,10
梅毒,10
13,10
通知,10
疗法,10
枕,10
华山医院,10
疾病诊断,10
专科,10
21,10
疑似,10
回报,10
神经元,10
迟发性,10
修补术,10
英文版,10
难治性,10
太,10
关注,10
转帖,10
十二,10
听力,10
颈髓,10
呼吸机,10
立体,10
CO,10
内外,10
急救,10
常见病,10
背,10
不用,10
复试,10
肌阵挛,10
话,10
华山,10
耳聋,9
抑郁,9
特别,9
网,9
类型,9
FLASH,9
CJD,9
心脏,9
透明,9
线粒体,9
一份,9
患儿,9
核间,9
AD,9
眼震,9
喜欢,9
80,9
出院,9
神志,9
段,9
辅助,9
抑制剂,9
脑溢血,9
频繁,9
桥臂,9
听,9
神经痛,9
规培,9
女孩,9
伴视物,9
最全,9
几种,9
脑科,9
地方,9
环形,9
医学院,9
监测,9
庆祝,9
适合,9
卒中,9
附图,9
腰椎,9
三个,9
光反射,9
失败,9
渐进性,9
多颅,9
疑惑,9
源性,9
脑组织,9
微血管,9
题目,9
隔,9
碰到,9
脑死亡,9
博,9
号,9
内膜,9
教程,9
增强,9
智能,9
尿,9
neurosurgery,9
核磁共振,9
受限,9
远端,9
Stroke,9
不到,9
肝,9
漂亮,9
饮水,9
AVM,9
临床意义,9
名词,9
九,9
降,9
第一例,9
拔管,9
公式,9
美,9
特征,9
腱,9
肺部,9
受损,9
挑战,9
数据库,9
观点,9
颈静脉,9
旁,9
沟通,9
僵硬,9
ml,9
T2,9
放,9
妊娠,9
软化,9
三叉神经,9
硬化症,9
枕骨,9
待诊,9
解惑,9
科,9
step,9
neurology,9
实习,9
因子,9
失语症,9
麻烦,8
室内,8
询问,8
切口,8
PPT,8
秒,8
循证,8
切开术,8
染色,8
悬赏,8
锥体束,8
脉络膜,8
in,8
间,8
DBS,8
大骨瓣,8
电子版,8
锁,8
Horner,8
奉献,8
体检,8
适应症,8
性脑,8
后部,8
十大,8
斜坡,8
抛砖引玉,8
检验,8
协和,8
困惑,8
切除,8
切除术,8
纤维,8
窗,8
告诉,8
十五,8
真相,8
外展神经,8
程度,8
皮肤,8
初步,8
训练,8
概述,8
名单,8
继发性,8
髓内,8
孩子,8
主诉,8
感兴趣,8
神奇,8
达拉,8
大发作,8
母细胞,8
注射液,8
母亲,8
查房,8
吸收,8
学习班,8
招募,8
协会,8
法,8
松果体,8
左手,8
胰岛素,8
医学会,8
干货,8
聚集,8
征象,8
视听,8
有个,8
沙龙,8
反射亢进,8
可疑,8
图库,8
脑瘤,8
这张,8
排名,8
中华,8
棘手,8
真,8
血性,8
结节,8
哪家,8
定向,8
通路,8
性溃疡,8
式,8
汇报,8
多久,8
高颅,8
修复,8
咋办,8
兄弟,8
发贴,8
痛觉,8
英汉,8
欧洲,8
删除,8
危险,8
几点,8
包块,8
有人,8
脑梗后,8
受体,8
氯,8
老年性痴呆,8
脚,8
历史,8
骨科,8
进,8
有趣,8
毒性,8
颅压,8
求问,8
怪病,8
修订版,8
感,8
类药物,8
生活,8
恶性,8
正确,8
侧索,8
病理学,8
紧张,8
词汇,8
描述,8
猝死,8
经历,8
基层医院,8
诱因,8
软瘫,8
新生儿,7
常用量,7
睡觉,7
组,7
说明书,7
三年,7
L,7
皮下,7
70,7
胆脂瘤,7
综合,7
26,7
皮疹,7
高渗,7
大师,7
克雅,7
胸,7
日后,7
发育,7
囊性,7
吞咽,7
小鼠,7
氏,7
打嗝,7
全科,7
蛇眼,7
放射性,7
医科大学,7
耳石,7
精神疾病,7
and,7
副作用,7
间隙,7
人脑,7
应激,7
减弱,7
示,7
日志,7
添加,7
粥样,7
弥漫,7
第一,7
权威,7
27,7
卡马西平,7
肝性,7
低颅,7
声明,7
颞部,7
医学杂志,7
治愈,7
抢救,7
坐骨神经,7
引发,7
欣赏,7
特异性,7
栓,7
创伤,7
监护,7
简明,7
奈特,7
之我见,7
首发,7
中华医学会,7
夜间,7
声音,7
专贴,7
动脉炎,7
内囊,7
凌锋,7
年会,7
蛛血,7
郁闷,7
忽视,7
不利,7
寻找,7
协助,7
发麻,7
围,7
大于,7
硝酸甘油,7
舌,7
方向,7
级,7
父亲,7
奉,7
点赞的,7
歌诀,7
CIDP,7
胸闷,7
脑洞,7
过敏,7
作,7
听说,7
平面,7
分流管,7
走,7
呼吸困难,7
首选,7
敬请,7
语言,7
同学,7
钾,7
双目失明,7
侧裂,7
中线,7
疑难杂症,7
精美,7
题,7
周期性,7
尾状核,7
两侧,7
健康,7
讨论版,7
原文,7
网上,7
漏,7
一组,7
没想到,7
胶质,7
外科手术,7
完善,7
压迫,7
师兄,7
未明,7
良性,7
眼底,7
录象,7
停止,7
大小便,7
锥体外系,7
懂,7
是否是,7
离子通道,7
发表意见,7
疗程,7
遗忘,7
枕部,7
h,7
附属,7
住院医师,7
阶段,7
清,7
肺癌,7
维生素,7
惊厥,7
桡,7
哪般,7
停用,7
设计,7
格雷,7
临床试验,7
重磅,7
血脑屏障,7
PD,7
集锦,7
现,7
体压部,7
裂,7
Brain,7
动,7
不灵,7
stroke,7
束,7
报,7
误区,7
模拟,7
少,7
生物,7
感受,7
明天,7
供血区,7
病房,7
传导,7
浙江省,7
课题,7
卵,7
史,7
免疫组化,7
投稿,7
腹痛,7
化脓性,7
轻微,7
右手,7
核心,6
内侧,6
年龄,6
帮帮我,6
挫伤,6
项目,6
观,6
老人,6
万元,6
危象,6
搞,6
也许,6
播散,6
线栓法,6
制备,6
遗传,6
自我,6
肺水肿,6
性意识,6
31,6
子,6
肌酶,6
柳叶刀,6
脑细胞,6
不全,6
中样,6
阅,6
抗抑郁,6
60,6
一句,6
剥脱,6
免疫,6
三博,6
Atlas,6
心跳,6
湘雅,6
丙,6
数据,6
痛性,6
蝶鞍,6
老年痴呆,6
2013,6
咽,6
需不需要,6
白蛋白,6
迷茫,6
教,6
调节,6
五年,6
低钾血症,6
神经再生,6
偏身,6
六,6
公众,6
43,6
电解质,6
大虾,6
送给,6
禁忌症,6
体温,6
常见问题,6
Nature,6
献给,6
半胱氨酸,6
重影,6
固定,6
44,6
获奖,6
内窥镜,6
参考书,6
提醒,6
多处,6
联盟,6
脂,6
重点,6
给出,6
心得,6
演变,6
中枢,6
相关性,6
领域,6
医疗纠纷,6
脑供,6
降颅,6
昏迷不醒,6
移植,6
个啥,6
性病变,6
诡异,6
分支,6
图谱,6
补钠,6
之二,6
必读,6
结核,6
请进来,6
标记,6
结脑,6
癔症,6
缺氧性,6
站友,6
麽,6
不良反应,6
放疗,6
针刺,6
读,6
胸椎,6
楼,6
伤口,6
血糖,6
讲解,6
身体,6
孕妇,6
迷惑,6
回复,6
观察,6
栓系,6
下颌,6
后脑,6
地塞米松,6
警惕,6
血压高,6
清晰,6
微信,6
本周,6
两次,6
迟缓,6
双足,6
动态,6
CSF,6
肿块,6
输液,6
张口,6
毕业,6
破,6
口齿不清,6
2006,6
学院,6
第四,6
增生,6
脑震荡,6
收录,6
演示,6
脱水剂,6
难以,6
能用,6
多多指教,6
局部,6
低钾,6
外系,6
三维,6
灵活,6
培养,6
BNC,6
POEMS,6
28,6
Flash,6
完整,6
ZT,6
阿替,6
普酶,6
转化,6
老年人,6
护理,6
真题,6
主治医师,6
Wernicke,6
自主神经,6
咳嗽,6
23,6
36,6
产后,6
七,6
嗅觉,6
65,6
高血糖,6
重,6
90,6
不宁腿,6
凝血,6
节段,6
笔试,6
显示,6
寻求,6
应对,6
Neurosurgery,6
同事,6
by,6
眶,6
不符,6
启动,6
Samii,6
多巴胺,6
心,6
本版,6
针灸,6
十四,6
尿毒症,6
书写,6
教科书,6
卫生部,6
细节,6
女生,6
华西,6
前景,6
测定,6
肉芽肿,6
原发,6
焦虑,6
译文,6
贡献,6
地西泮,6
再发,6
皮质激素,6
新书,6
群,6
超过,6
排尿,6
300,6
通气,6
躯干,6
头颈部,6
自行,6
置换,6
性卒,6
床,6
好用,6
质量,6
神志不清,6
血脂,6
诱发电位,6
结束,6
万分,6
两年,6
椎体,6
鞘瘤,6
小卒,6
收,6
帮看,6
的吗,6
一代宗师,5
兴趣,5
丘,5
重于,5
我该,5
显微镜,5
锁骨,5
看不懂,5
脑片,5
期间,5
注册,5
措施,5
交界,5
呼吸衰竭,5
出版,5
蝴蝶,5
赔偿,5
速递,5
模式图,5
各类,5
调整,5
讲,5
咖,5
活血,5
旧,5
TTC,5
组织,5
云,5
送,5
三月,5
颤抖,5
十年,5
事,5
N,5
突变,5
阿尔兹,5
伴脑,5
对颅,5
两例,5
第四届,5
第三届,5
癫,5
看过,5
纠纷,5
最终,5
肾上腺,5
单词,5
核上性,5
盐水,5
ICU,5
神经学,5
NICU,5
置入,5
英文原版,5
Yasargil,5
汇编,5
脑图,5
锻炼,5
下午,5
搜索,5
ppt,5
买,5
禁用,5
单元,5
广州,5
新年,5
前途,5
额部,5
上下肢,5
腿,5
研究所,5
GCS,5
止血药,5
交感神经,5
条,5
LaiWenYiSheng,5
目录,5
日记,5
2014,5
镇痛,5
垂直,5
突,5
手段,5
酮,5
之谜,5
发言,5
排除,5
EAE,5
死因,5
何在,5
圆孔,5
歪斜,5
机械,5
月份,5
开通,5
进食,5
网络,5
昨天,5
超声,5
八,5
看待,5
展,5
2-,5
两,5
答对,5
锁孔,5
CK,5
腰痛,5
Journal,5
空,5
踩,5
38,5
Science,5
亢进,5
地位,5
优势,5
易损,5
急需,5
国家,5
Rhoton,5
矛盾,5
预测,5
自觉,5
脂肪,5
高龄,5
肯尼迪,5
触觉,5
站立,5
评定量表,5
未闭,5
doc,5
高位,5
ID,5
氯化钠,5
29,5
隙,5
总医院,5
大孔,5
舌咽神经,5
随访,5
包括,5
金属,5
留置,5
记住,5
齿状,5
星形,5
翼,5
收治,5
眼外,5
高人,5
证据,5
准确,5
植物神经,5
跳动,5
结,5
白血病,5
差点,5
基因治疗,5
诱发,5
受压,5
常见疾病,5
棉花,5
科考,5
经蝶,5
扫描,5
case,5
禁忌证,5
可怕,5
MG,5
很大,5
处,5
为啥,5
弱弱,5
多图,5
间断性,5
手术学,5
心肺,5
少女,5
几本书,5
陈旧性,5
半天,5
WHO,5
患侧,5
Lancet,5
仔细,5
弥散,5
频发,5
实验室,5
北京协和医院,5
宝宝,5
研讨会,5
rar,5
半切,5
科学,5
轻型,5
有多大,5
首都医科大学,5
状,5
低钠,5
图象,5
单位,5
嗅,5
高级,5
人民,5
骤停,5
s,5
华法林,5
见于,5
高招,5
HIV,5
密码,5
甲亢,5
高诊,5
纹状体,5
NMDA,5
抗凝药,5
花季少女,5
面对,5
述评,5
吡,5
孔区,5
首医,5
保留,5
注射剂,5
200,5
CADASIL,5
开放,5
血管炎,5
锁定,5
重视,5
来战,5
精神障碍,5
心率,5
心法,5
偏,5
有图,5
福利,5
一枚,5
招聘,5
正式,5
好吗,5
体格检查,5
凝视,5
何种,5
十一,5
源,5
环,5
新收,5
谈一谈,5
示意图,5
骶,5
合集,5
好转,5
差别,5
年轻人,5
心悸,5
晕倒,5
二次,5
分册,5
搜索引擎,5
老年期,5
挺,5
暂停,5
盐,5
提,5
实力,5
真实,5
真性,5
孤立,5
换算,5
我国,5
插管,5
满天星,5
嘶哑,5
氏病,5
心梗,5
针尖,5
说一说,5
僵直,5
MELAS,5
纠结,5
单眼,5
斜颈,5
踊跃,5
假,5
生,5
园子,4
神马,4
搜集,4
腰大池,4
手足,4
史上,4
随笔,4
活跃,4
黑色,4
临床经验,4
外文,4
麻,4
觉,4
赵继宗,4
导师,4
耳漏,4
主治,4
易犯,4
物理,4
毫升,4
画,4
否,4
蹊跷,4
症候,4
右旋糖酐,4
mri,4
大出血,4
冬眠,4
淀粉样变,4
记,4
缝合,4
片状,4
自免,4
读图,4
算,4
可能性,4
我院,4
Surgery,4
英国,4
认得,4
半个,4
06,4
help,4
池,4
温觉,4
CEA,4
无意,4
关节,4
三联,4
男童,4
中药,4
学术,4
mm,4
院士,4
置,4
周后,4
专业书籍,4
未来,4
幻,4
胶囊,4
变异,4
亲人,4
MDS,4
胞,4
成,4
传真,4
吕,4
最低,4
蚓,4
模板,4
勿,4
直播,4
调控,4
MSA,4
管内,4
打开,4
年前,4
植入,4
置顶,4
酮症,4
逆转,4
病号,4
舌头,4
手上,4
机会,4
患,4
小弟,4
201,4
亲戚,4
没见,4
修订,4
口角,4
睁眼,4
花边,4
通道,4
人体,4
计划,4
急请,4
支招,4
幕上,4
多巴,4
明白,4
梭形,4
点赞,4
系统疾病,4
点状,4
处置,4
何病,4
话题,4
统一,4
骨,4
抽筋,4
标志物,4
医学生,4
疑难病,4
病吗,4
腔隙,4
集合,4
衰竭,4
救救,4
危重病,4
闭合,4
本科,4
42,4
纳洛酮,4
突发性,4
院前,4
钾性,4
无效,4
下周,4
肥大,4
取出,4
叶,4
导航,4
体健,4
04,4
线,4
停药,4
广东省,4
两天,4
测验,4
执业,4
腰椎间盘,4
表皮,4
性疾病,4
I,4
小心,4
稀释,4
不难,4
降血压,4
医师资格,4
原始,4
眼中,4
新闻,4
每次,4
动物,4
肯定,4
弹簧圈,4
Clinical,4
考考你,4
带来,4
恭喜,4
估计,4
脑袋,4
多年,4
2000,4
致谢,4
ADEM,4
脑鸣,4
上消化道,4
连接,4
儿子,4
肠,4
南京,4
特,4
复方,4
大脑皮层,4
FLAIR,4
聊聊,4
集,4
57,4
专科医生,4
学科,4
坑,4
药品,4
桥本,4
坠落,4
结节性,4
复发性,4
生理学,4
初次,4
证,4
急诊室,4
来个,4
细胞系,4
冲击,4
脑沟,4
十三,4
难得一见,4
几道,4
考题,4
78,4
放射学,4
再见,4
过度,4
热点,4
延长,4
国庆节,4
点滴,4
亚联,4
译,4
三维重建,4
智力,4
效应,4
悼念,4
测,4
济南,4
寻,4
l,4
内出血,4
电凝,4
硬脊,4
大佬,4
剖析,4
味觉,4
短暂,4
答疑,4
吸,4
咀嚼,4
剖宫产,4
独立,4
大吗,4
平时,4
69,4
诱导,4
syndrome,4
病原体,4
120,4
杀手,4
52,4
CAS,4
膨大,4
风起,4
矢状,4
考验,4
来了,4
72,4
门诊病人,4
先来,4
蝶窦,4
再来,4
电子书,4
失神,4
地址,4
阿斯匹林,4
第二例,4
重建,4
精通,4
73,4
好东东,4
病程,4
知多少,4
专著,4
1.5,4
中文翻译,4
右额,4
天伴,4
急诊科,4
建设,4
课堂,4
华,4
力弱,4
指点迷津,4
年度,4
安全性,4
质疑,4
酒精,4
学长,4
disease,4
分数线,4
夹闭,4
37,4
痫性,4
视野,4
出任,4
脑瘫,4
之间,4
蛛,4
评分表,4
潴留,4
重复,4
减量,4
猜猜看,4
回,4
d,4
尼莫地平,4
级别,4
识,4
面积,4
案,4
之三,4
字,4
献上,4
科学家,4
我科,4
出入,4
北京天坛医院,4
中青年,4
新增,4
临床实践,4
不适,4
类似,4
水,4
导水管,4
见面礼,4
如图,4
女童,4
海洛因,4
概况,4
谵妄,4
需谨慎,4
尚未,4
powerpoint,4
AAN,4
NMO,4
肌炎,4
肉毒,4
毒素,4
CAA,4
序列,4
心肌,4
清醒,4
股,4
mg,4
过敏性,4
病症,4
Meige,4
想法,4
几篇,4
几天,4
加权,4
半暗,4
普,4
酸中毒,4
凶险,4
背后,4
真凶,4
几年,4
OPCA,4
专业书,4
十字,4
浅,4
查找,4
囊,4
The,4
WEDmed,4
壳,4
脑性,4
鞍上,4
专栏,4
磷,4
梅尼埃,4
妈妈,4
开,4
鼻饲,4
性病,4
各路,4
酸钠,4
易,4
巴金,4
十六,4
十,4
45,4
本贴,4
练功,4
穿刺术,4
未见异常,4
计算方法,4
主动脉,4
我要,4
红,4
能力,4
分层,4
低热,4
教育,4
秒杀,4
消化道,4
博士生,4
主任医师,4
性肺炎,4
微小,4
人类,4
看一看,4
平扫,4
麻醉,4
Charcot,4
疱疹病毒,4
外展,4
三叉,4
德国,4
血症,4
查出,4
乳酸,4
副教授,4
窦旁,4
拒绝,4
增多,4
值,4
晚上,4
word,4
学校,4
刀,4
评选,4
SOS,4
熊猫眼,4
收藏,4
复兴,4
实习生,4
做手术,4
积血,4
二甲,4
沟回,4
数,4
构音,4
贫血,4
肺炎,4
堵,4
桥脑,4
乳头,4
核束,4
辐射,4
诉,4
血液,4
光盘,4
中学,4
新年礼物,4
疼,4
人群,4
完,4
武汉,4
舞蹈病,4
fMRI,4
脑肌病,4
突聋,4
戊,4
简史,4
万古霉素,4
待排,4
小腿,4
钛,4
晚期,4
珍贵,4
图文,4
脊髓型,4
康复训练,4
简述,4
发抖,4
符合,4
单瘫,4
腹型,4
基础知识,4
后会,4
深度,4
可用,4
左旋多巴,3
再来一个,3
宣武,3
呈,3
酸痛,3
抖,3
视物成,3
先天性,3
网页,3
克隆,3
认证,3
喜剧,3
99,3
看病,3
步骤,3
常用药,3
中脚,3
入学,3
卡压,3
全球,3
知情,3
单个,3
预防性,3
血压低,3
丛集,3
痛苦,3
视觉,3
嘴唇,3
旁观,3
饮食,3
化疗,3
体内,3
血浆,3
NINDS,3
R,3
尾征,3
晋升,3
过来人,3
星型,3
观念,3
岩斜区,3
浅谈,3
稿约,3
前额,3
胚胎,3
外国,3
尿崩症,3
贴子,3
熟悉,3
脑小,3
感后,3
看片,3
肾衰,3
穿刺针,3
生理机制,3
求因,3
哪些因素,3
稍,3
马尾,3
的书,3
避开,3
视路,3
生化,3
顽固,3
颅颈,3
最新版,3
致脑,3
失误,3
F,3
一评,3
溯源,3
阻塞,3
指征吗,3
专,3
致病,3
七天,3
接头,3
取,3
元宵节,3
晕,3
四大,3
磁,3
笨拙,3
择期,3
利,3
家族,3
肾功能,3
脑子,3
万贴,3
赞,3
2002,3
连载,3
考考,3
跨,3
片上,3
扁桃体,3
脸,3
TGA,3
佳,3
年版,3
饮酒,3
左腿,3
糖尿病人,3
沉积,3
心房颤动,3
周年,3
促醒,3
手把手,3
成形术,3
师姐,3
开放性,3
位点,3
理想,3
脂蛋白,3
Medicine,3
间歇性,3
125,3
基因突变,3
审稿,3
元,3
剂,3
直立,3
团队,3
horner,3
超级,3
学好,3
第八版,3
讲述,3
好啊,3
拿来,3
卫生,3
寰,3
名字,3
再谈,3
痰,3
难治,3
每周,3
形态,3
附件,3
新人,3
张嘴,3
必要性,3
密集,3
线栓,3
不佳,3
同济,3
科普,3
这句,3
顶部,3
孙,3
骨瘤,3
圆锥,3
咋看,3
卧床,3
显影,3
置换术,3
蝶骨,3
血栓性,3
准入,3
辨,3
第二天,3
风,3
钙,3
膝关节,3
提取,3
颤动,3
推测,3
膜片钳,3
参考,3
就业,3
vs,3
镰,3
脱出,3
活检,3
明日,3
求援,3
汇集,3
抽动症,3
sign,3
秽语,3
发出,3
室管膜,3
住院医生,3
平稳,3
申报,3
经颅,3
动脉血,3
再现,3
际,3
济南军区,3
纳络,3
SMA,3
国庆,3
延迟,3
工具,3
鼻孔,3
内镜,3
该用,3
腹泻,3
胸部,3
脑中风,3
角膜,3
前角,3
中英文,3
引以为戒,3
彩色,3
体查,3
中西医,3
静滴,3
十七,3
白细胞,3
超星,3
之路,3
鼻漏,3
心电图,3
安,3
感染性,3
MMN,3
毒,3
一个半,3
专业翻译,3
理论,3
新疗法,3
法令,3
Neuroanatomy,3
技能,3
真菌,3
自闭症,3
制定,3
专硕,3
获,3
对策,3
追踪,3
根,3
妄想,3
缓慢,3
小组,3
支援,3
腓肠肌,3
就医,3
刷,3
整形,3
布,3
专版,3
偏头疼,3
网膜,3
海默症,3
上矢状,3
点头,3
脱位,3
乐,3
好看,3
胺,3
半身,3
Neuron,3
两周,3
58,3
危重,3
共勉,3
灰质,3
红斑,3
邀请,3
林,3
前世,3
择日,3
HOD,3
中吗,3
版本,3
ESC,3
急切,3
总理,3
倡议,3
今生,3
加拿大,3
气促,3
ACE,3
鉴定,3
嵴,3
表达,3
右顶,3
多天,3
见解,3
中耳炎,3
X,3
血流,3
内科医生,3
倍,3
书上,3
愿,3
Percheron,3
手法,3
教案,3
哥哥,3
回流,3
液体,3
加密,3
Wallenberg,3
求医,3
眼睛,3
Ct,3
无关,3
半小时,3
界,3
2007,3
性视物,3
高危,3
接触,3
那位,3
各部,3
爆米花,3
背痛,3
个月,3
尿潴留,3
山大,3
赵,3
久治不愈,3
滑车神经,3
囊状,3
套管,3
开窗,3
测量方法,3
跛行,3
永存,3
仁济,3
珍珠,3
供,3
Rare,3
特异功能,3
0830,3
兔脑,3
跪谢,3
细看,3
一套,3
中级,3
电子,3
发明,3
伽马刀,3
基本功,3
第三期,3
大动脉,3
分辨,3
浙江大学,3
紧张性,3
体外,3
深刻,3
现场,3
周报,3
三十五,3
明,3
属,3
断面,3
名,3
烦躁不安,3
妇女,3
哪有,3
精选,3
迷走神经,3
脊索,3
李,3
历年,3
C,3
B,3
化脑,3
葡萄糖,3
性卒中,3
版务,3
手机,3
生存,3
回忆,3
相符,3
免费送,3
骨骼肌,3
结局,3
脉络丛,3
酒精性,3
口唇,3
Neuroscience,3
大牛,3
NMOSD,3
以色列,3
建,3
美尼尔,3
ebook,3
天天,3
约,3
生病,3
冰,3
中的,3
小结,3
学到,3
令人,3
警告,3
rtpa,3
钴,3
有吗,3
Edition,3
drzhenghb,3
地点,3
迷宫,3
1-,3
连续,3
室,3
CCF,3
尼克,3
时有,3
头颈,3
圆形,3
二年,3
开设,3
眼部,3
必看,3
腭,3
展望,3
中颅,3
功能区,3
屈曲,3
本科生,3
49,3
偏盲,3
贴图,3
甲,3
还好,3
ICH,3
脑梗吗,3
珍藏,3
惹的祸,3
总论,3
右腿,3
国内外,3
不胜感激,3
第四版,3
09,3
谱系,3
近几年,3
记录,3
协和医院,3
上榜,3
板块,3
南方,3
学硕,3
外科学,3
硝普钠,3
T8,3
32,3
偶然,3
优秀,3
代谢性,3
39,3
大全,3
学习心得,3
41,3
赢,3
第五,3
圆,3
宝贵意见,3
航母,3
半边,3
ACEI,3
G,3
AQP4,3
参考文献,3
BMJ,3
心血管,3
第九,3
迟发,3
脑微,3
揭开,3
FDA,3
性气,3
聚体,3
更新版,3
波立维,3
讨教,3
早晨,3
分离性,3
韦,3
定时,3
科里,3
不服,3
猝倒,3
增刊,3
研究院,3
放弃,3
Chiari,3
位,3
死,3
试用,3
不见,3
PET,3
Romberg,3
再通,3
昨日,3
生物学,3
想象,3
zhaochob,3
怀疑,3
SPECT,3
站,3
先兆,3
短期内,3
僵人,3
肾上腺素,3
病有,3
饭后,3
联用,3
静,3
不省人事,3
处方,3
基征,3
巴曲,3
dsa,3
核上,3
横贯,3
北大,3
很难,3
130,3
检查法,3
悲哀,3
凝血酶,3
33,3
含,3
身上,3
闭锁,3
牵拉,3
高同型,3
病毒,3
WD,3
亨特,3
流程图,3
过么,3
异位,3
眼科,3
戒断,3
恶性肿瘤,3
端,3
avm,3
核团,3
结肠癌,3
足,3
力,3
庆,3
病脑,3
g,3
轻松,3
Cell,3
脉搏,3
氏杆菌,3
雌雄,3
筛查,3
初学,3
再也,3
硕,3
知名,3
沉痛,3
差,3
须,3
丁,3
收获,3
具备,3
却是,3
服药,3
试行,3
热闹,3
复位,3
培训班,3
荟萃,3
出乎意料,3
同志,3
低下,3
中山医,3
虎,3
象,3
胍,3
漏诊,3
没法,3
愈,3
多汗症,3
天津,3
慎入,3
求神,3
颈项,3
串珠,3
胸髓,3
后遗,3
四天,3
未见,3
德,3
单肢,3
轻,3
遇上,3
聋,3
补,3
评定,3
多家,3
程序,3
MRS,3
新英格兰,3
Fabry,3
外地口音,3
动力学,3
网格,3
NIH,3
逆行,3
心形,3
对脑,3
入,3
沟,3
b,3
神经细胞,3
破坏,3
交替,3
复旦大学,3
溃疡,3
征求,3
哭,3
额顶,3
jpg,3
双极,3
实践,3
文件,3
一过性,3
方琪,3
绿色通道,3
零分,3
周身,3
肺栓塞,3
窦瘘,3
职业,3
历程,3
著名,3
选科,3
形式,3
武汉市,3
250,3
高处,3
01,3
止痛,3
cm,3
硬化性,3
溶液,3
高血压病,3
高压氧,3
橄榄,3
解决办法,3
西医,3
春江,3
理由,3
兄,3
碰上,3
SWI,3
节后,3
破伤风,3
SIADH,3
瓣膜,3
编辑,3
凋亡,3
真假,3
泌乳素,3
酒精中毒,3
生长因子,3
发病率,3
软,3
路易,3
稳查,3
喝酒,3
颠倒,3
Hunt,3
近日,3
提请,3
眼力,3
花斑,3
首次,3
性右,3
北医,3
狗,3
环池,3
名称,3
53,3
腹膜,3
一家,3
伸舌,3
正中,3
分不清,3
肌注,3
t1,3
记不住,3
双联,3
搞定,3
刚收,3
巧记,3
禁忌,3
刚刚,3
匹配,3
56,3
所见,3
女子,3
指正,3
急起,3
窝底,3
谱,3
值得一看,3
坏死性,3
表格,3
mL,3
脂肪瘤,3
血清,3
石祥恩,3
恐惧症,3
幻觉,3
NMDAR,3
伽玛刀,3
收缩,3
理清,3
舒,3
精神分裂症,3
等效,2
新理念,2
素,2
朱以诚,2
斤,2
全程,2
溶,2
病员,2
这算,2
助力,2
右佐匹,2
右耳,2
mimics,2
脑区,2
乙状,2
疑难病症,2
值夜班,2
脂质,2
反思,2
放置,2
叶酸,2
后及,2
心型,2
弹,2
证实,2
醉啦,2
140,2
想想,2
两种,2
推,2
派,2
害怕,2
酯,2
笑,2
论著,2
围套,2
淋巴,2
PCI,2
早,2
neurotome,2
发过,2
横断面,2
做后,2
增宽,2
1-2,2
双影,2
前来,2
撕脱,2
头皮发麻,2
neurinoma,2
费力,2
耳朵,2
床位,2
颜面,2
凶手,2
提提,2
栓线,2
广告,2
重金属,2
停,2
外源性,2
万能,2
预警,2
前下,2
用吗,2
遭,2
神药,2
神經外科,2
神经症,2
语言学,2
HI,2
待续,2
基金,2
感觉神经,2
末梢,2
找到,2
神经核,2
练习题,2
文档,2
颈源性,2
深圳,2
吐字,2
造影剂,2
博士论文,2
速记,2
三岁,2
唯一,2
闫长祥,2
窦区,2
乳腺癌,2
提高,2
这份,2
前期,2
在哪,2
附术,2
好不好,2
血气,2
考核,2
大脑皮质,2
后期,2
一道,2
胀,2
161,2
安排,2
疗,2
失眠症,2
招,2
唾液,2
口腔,2
文献检索,2
苦恼,2
要加,2
页,2
初级,2
答,2
了呢,2
痛风,2
顺行,2
偏斜,2
手部,2
食指,2
想学,2
碳酸氢钠,2
传递,2
配合,2
M1,2
短期,2
请看,2
专业名词,2
卓,2
击打,2
泵,2
家人,2
神经原,2
出题,2
TOAST,2
cT,2
幼儿,2
机化,2
穿针,2
当好,2
很菜,2
舌下,2
五个,2
肾,2
盗血,2
张巍,2
急诊病人,2
HT,2
明胶,2
相赠,2
要用,2
紧急情况,2
求治,2
Rossolimo,2
上海华山医院,2
难度,2
专家教授,2
学神外,2
及术,2
主治医生,2
家族史,2
跟贴,2
瘤吗,2
强直性,2
犯,2
阵发,2
椎间盘,2
后果,2
听听,2
材料,2
提些,2
趋势,2
帕金森氏,2
恢复正常,2
博士后,2
忙,2
伤害,2
最小,2
专用,2
MCA,2
篇文章,2
上皮,2
生理盐水,2
输,2
失忆,2
有读,2
左顶,2
小于,2
结核病,2
AMI,2
阿斯,2
三大,2
靶点,2
八个,2
离子,2
降压药,2
二聚体,2
药物性,2
健忘,2
脑梗伴,2
检查和,2
详见,2
岀,2
坠积,2
菌,2
可行,2
时期,2
降到,2
脑池,2
难倒,2
痫,2
说吗,2
眼肌,2
莫名,2
模拟器,2
核下,2
昏睡,2
难题,2
道歉,2
诚聘,2
评,2
田,2
人工智能,2
不容忽视,2
阻断,2
各期,2
尿量,2
梗阻,2
贾,2
造,2
黑色素瘤,2
耐药,2
多重,2
杆菌,2
阴沟,2
多大,2
LETM,2
先天,2
流行病学,2
图中,2
粉碎性,2
参考值,2
节区,2
牛黄丸,2
QQ,2
双目,2
名医,2
个案,2
良药,2
解疑,2
衰老,2
圆窗,2
Treatment,2
瞅,2
自制,2
海,2
冠状,2
62,2
华佗,2
Fisher,2
87,2
mmol,2
或脑,2
20190219,2
管及,2
大笑,2
酸性,2
嗜,2
2001,2
一波三折,2
保存,2
价格,2
拜托,2
消息,2
EEG,2
漫画,2
测序,2
现已,2
巡讲,2
饶,2
基本操作,2
济南市,2
致弓,2
大动脉炎,2
考不,2
脑心,2
一级,2
自学,2
Color,2
经验谈,2
常年,2
灯谜,2
昏厥,2
160,2
糖水,2
ESC2004,2
征是,2
几分,2
多方,2
狂犬病,2
随意,2
台湾,2
西比灵,2
毗邻,2
大孔区,2
剽窃,2
山东省,2
恐怖,2
断,2
非典型,2
裂伤,2
老太,2
Free,2
大图,2
Victor,2
学及,2
第八届,2
志愿者,2
乳房,2
DAVF,2
48,2
Wilson,2
本帖,2
20190115,2
透视图,2
致死,2
吐血,2
斜,2
登记,2
公示,2
内皮细胞,2
周末,2
详细情况,2
专题学习,2
QUORA,2
首例,2
海军,2
已知,2
第三版,2
恼人,2
手背,2
左额,2
患有,2
想考,2
像啥,2
Molecular,2
头位,2
受伤,2
图集,2
难过,2
第十届,2
讨论区,2
杜,2
生殖细胞,2
周一,2
乱用,2
影雄,2
鞍内,2
上速,2
术式,2
怪异,2
隔间,2
医学专业,2
半侧,2
淡漠,2
心疼,2
离谱,2
不升,2
青年人,2
祝贺,2
学网,2
虫,2
出生,2
美图,2
0831,2
实况,2
神经肽,2
神气,2
MFS,2
利器,2
做的,2
缺失,2
国立,2
泰斗,2
r,2
慧眼,2
第七届,2
运动性,2
药典,2
脑电,2
摘自,2
呼吁,2
细胞培养,2
科庆,2
抵抗,2
过低,2
牛人,2
奖,2
benjamindong,2
记得,2
就任,2
列举,2
明显改善,2
妥泰,2
S,2
爱恨,2
不想,2
mra,2
呼吸肌,2
分法,2
注解,2
胃管,2
顶尖,2
抑制,2
疟疾,2
鬼,2
看些,2
中医药,2
th,2
心理,2
NEUROLOGICAL,2
寒战,2
帕金森症,2
1231,2
臂丛,2
硬瘫,2
疾病相关,2
这套,2
九十七,2
拮抗剂,2
玉泉,2
脱落,2
如何治,2
标志,2
头眼,2
神经递质,2
趾,2
四川大学,2
问诊,2
长春,2
后下,2
威胁,2
数字化,2
积极参与,2
科研型,2
增大,2
七项,2
浸润,2
新近,2
获取,2
刊,2
鼻窦炎,2
活血化淤,2
颤搐,2
已回,2
安坦,2
计入,2
同意,2
隐源性,2
弱智,2
一事,2
框架,2
最强,2
平衡,2
解析,2
再论,2
不安,2
赛,2
T2WI,2
福州市,2
汽车,2
朝霞,2
在读,2
非法,2
判定,2
姿态,2
混乱,2
CABG,2
命名,2
成因,2
支,2
歪,2
请加,2
出版社,2
荐,2
NEUROSURGERY,2
骨窗,2
精彩图片,2
致痫,2
偶,2
低血,2
遗留,2
121,2
2004.12.19,2
应急,2
散,2
干燥,2
不多,2
报个,2
呕心沥血,2
新旧,2
紫癜,2
CSWS,2
脑疝,2
曲班,2
DMD,2
涨,2
喜讯,2
通,2
腺癌,2
重发,2
小骨窗,2
纵束,2
SURGERY,2
肺,2
家庭,2
频道,2
大是,2
很全,2
我刚,2
搏动,2
支气管,2
食欲,2
多动症,2
59,2
何为,2
神经衰弱,2
拍片,2
NEWS,2
活血化瘀,2
研一,2
FTP,2
宣传,2
肉毒素,2
0507,2
Tumor,2
牛,2
直通车,2
酸,2
省,2
第七版,2
MoCA,2
DXY,2
冷清,2
自然科学,2
很好,2
ADL,2
Masson,2
Practice,2
轴突,2
抗病毒,2
大纲,2
理念,2
1104,2
上课,2
嘴,2
巴氏,2
看不清,2
口,2
瘘术,2
一会,2
前颅,2
外漏,2
听觉,2
M,2
儿科,2
躁动不安,2
动作电位,2
侧痛,2
性黑,2
review,2
说出,2
瘦马,2
0825,2
北京宣武医院,2
节点,2
站长,2
冠脉,2
福斯特,2
臂,2
学习体会,2
求职,2
犬,2
都会,2
采集,2
疫苗,2
特色,2
新鲜,2
各项,2
spinal,2
History,2
印象,2
是谁,2
修饰,2
05,2
Bell,2
明显好转,2
潘生丁,2
热烈庆祝,2
1111,2
架,2
相助,2
大型,2
三例,2
算是,2
应不应该,2
索,2
极好,2
除夕夜,2
含糊,2
第三,2
申诉,2
蛋白酶,2
后角,2
速度,2
姐姐,2
div,2
dose,2
厘米,2
养成,2
组图,2
0824,2
氟桂利嗪,2
万万,2
接种,2
脾肿大,2
可治,2
Marie,2
新药,2
路上,2
惨痛,2
用书,2
伸肌,2
手环,2
工资,2
办,2
树,2
鼻咽癌,2
了么,2
哪条,2
Galen,2
体表,2
近年,2
流涎,2
成果,2
AIS,2
约稿,2
意向性,2
无菌,2
高钠血症,2
N年,2
四种,2
搞不清,2
大家伙,2
接受,2
硝酸,2
排行,2
异己,2
尺,2
标准化,2
不断更新,2
放射科,2
正规,2
腰穿,2
自带,2
the,2
就够,2
纲要,2
鸟嘴,2
脚趾,2
九十八,2
何物,2
好图,2
药理学,2
刊物,2
不在,2
变浅,2
神清,2
基本常识,2
阿米,2
左肢,2
日程安排,2
2008,2
ILAE,2
恶化,2
成双,2
从没,2
草案,2
氯化物,2
SSS,2
购买,2
商城,2
发胖,2
臆症,2
Davidoff,2
骨头,2
快来,2
包涵,2
胸腔,2
真菌性,2
强力,2
血管硬化,2
无用功,2
行动迟缓,2
赞同,2
换,2
如图所示,2
dat,2
1117,2
0726,2
新建,2
尿酸,2
PlaqueView,2
双耳,2
测量,2
去世,2
公司,2
onyx,2
压性,2
回事,2
确切,2
练手,2
迷走,2
隆重,2
腹水,2
静脉炎,2
所管,2
十岁,2
Virchow,2
4.5,2
Acoustic,2
小点,2
三十一,2
月经,2
可惜,2
做好,2
Guillain,2
图示,2
市级,2
灌,2
艾滋病,2
考察,2
上班,2
夹,2
自然,2
今晨,2
去除,2
基质,2
跟踪,2
四周,2
0906,2
危害,2
选用,2
凶残,2
剑,2
令人困惑,2
肌肉注射,2
争议,2
结节病,2
摘译,2
偏锋,2
交感,2
摇头,2
疾患,2
缩写,2
公开,2
0902,2
七十四,2
会员,2
论坛公告,2
疯牛病,2
福州,2
锥,2
0909,2
编译,2
三十六,2
转自,2
怎样才能,2
吸引,2
制度,2
0817,2
中级职称,2
结论,2
矇,2
送书,2
期待,2
总院,2
123,2
中年妇女,2
七十,2
牢记,2
葡萄,2
致敬,2
强烈推荐,2
0826,2
海默病,2
FangQU,2
2011,2
CA,2
鼻,2
和抗凝,2
实习医生,2
阿昔洛韦,2
不吝赐教,2
送礼,2
边缘,2
电话,2
露出,2
划分,2
Disease,2
读个,2
獠牙,2
脑垂体,2
mimic,2
争论,2
隐性,2
三甲,2
美多,2
收到,2
西汀,2
闭合性,2
动作性,2
转发,2
束手无策,2
天女散花,2
搜狐,2
苯二氮,2
胆碱能,2
碎,2
脊前,2
转向,2
引进,2
存,2
开口,2
明年,2
伤病,2
江苏省,2
0913,2
广泛性,2
5-,2
告知,2
味,2
出招,2
拿下,2
熟,2
10-20,2
拍,2
住院病人,2
缺陷,2
mr,2
斧正,2
mmhg,2
初诊,2
会是啥,2
精美图片,2
另类,2
极限,2
皮肤科,2
宜,2
皮,2
报告单,2
奇葩,2
过量,2
as,2
幕切迹,2
锦旗,2
肌酸,2
ICD,2
MOYAMOYA,2
墨尔本,2
渐,2
区及,2
米老鼠,2
血象,2
幕下,2
曼,2
跪求,2
乙脑,2
左颈,2
0823,2
换头,2
消化科,2
0929,2
半卵,2
唤醒,2
透析,2
可怜,2
铸型,2
力图,2
浏览器,2
考过,2
波动性,2
大小,2
0914,2
政策,2
二十二,2
低血钠,2
葡萄球菌,2
我来,2
发光,2
四月,2
危急,2
薄层,2
取消,2
拇,2
后头,2
珠,2
SD,2
63,2
状况,2
脑科学,2
十余年,2
脱机,2
书稿,2
双膝,2
导管,2
心内,2
近两年,2
只能,2
余日,2
二十七,2
钴胺素,2
反馈,2
服,2
电脑,2
此贴,2
国人,2
人生,2
突起,2
第二阶段,2
实物,2
好呢,2
多月,2
规划,2
圣经,2
plz,2
一项,2
clinical,2
一见如故,2
全院,2
甲醇,2
专刊,2
肋间,2
搞混,2
小女孩,2
集录,2
面试,2
糊涂,2
MCI,2
阿加,2
大学,2
癎,2
代偿,2
无名指,2
教学版,2
乙肝,2
懵,2
数字,2
切片,2
搭桥术,2
moyamoya,2
蛋白质,2
论文集,2
饮,2
新手入门,2
人事不省,2
2012,2
岩,2
第五届,2
约谈,2
02,2
03,2
07,2
辛苦,2
引用,2
新开,2
科技,2
密度,2
冻,2
设立,2
色素,2
一辈子,2
倾情,2
Rathke,2
0915,2
干预,2
调剂,2
遇,2
二十一,2
08,2
相约,2
信吗,2
寄生虫,2
全脑,2
babinski,2
女病人,2
模式,2
无药,2
女孩儿,2
代表,2
用心,2
医疗事故,2
盼,2
0227,2
单手,2
me,2
0302,2
指针,2
名家,2
容错过,2
奇特,2
闻到,2
Ramsay,2
初稿,2
盖世,2
75,2
女患者,2
流量,2
归类,2
竟是,2
series,2
封堵,2
scale,2
肾病,2
起始,2
加用,2
Adams,2
启示,2
轻瘫,2
一读,2
缺氧,2
Doctor,2
新春,2
区域,2
诊,2
放射治疗,2
上市,2
巨细胞,2
强迫症,2
注入,2
估算,2
假瘤,2
D2,2
酞,2
Dyke,2
第一期,2
来源,2
外囊,2
新机制,2
医大,2
fisher,2
reader,2
免疫荧光,2
Books,2
点评,2
型号,2
接诊,2
Glasgow,2
窝囊,2
格拉斯哥,2
Miller,2
MB,2
异地,2
to,2
Barre,2
同意权,2
摔倒,2
吉大,2
甩头,2
缺点,2
journal,2
个体,2
惊呆,2
再生,2
als,2
杰,2
再版,2
三角区,2
MI,2
有情,2
MND,2
谢,2
基本知识,2
优于,2
查,2
血循环,2
发文,2
活性,2
不易,2
考证,2
呼之不应,2
提出,2
腹壁,2
简要,2
第一天,2
大哥,2
经鼻,2
贝尔,2
催眠,2
夜晚,2
rhoton,2
经鼻蝶,2
前天,2
翻译成,2
舌下神经,2
sos,2
差异,2
flair,2
疱疹,2
情仇,2
醒,2
逻辑,2
News,2
侧支,2
vertigo,2
VP,2
建平,2
病患者,2
异同,2
年伴,2
途径,2
奉送,2
麻木感,2
替林,2
肠溶片,2
中成药,2
安宫,2
肉跳,2
盐耗,2
见笑,2
深刻理解,2
化验,2
现状及,2
精华版,2
122,2
Perneczky,2
巴宾斯,2
算入,2
十天,2
冠,2
摇晃,2
150,2
黄疸,2
wallenberg,2
推出,2
有救,2
只好,2
闭幕,2
第二届,2
骨干,2
转行,2
大腿,2
重温,2
没什么,2
锥颅,2
苯妥英钠,2
一分钟,2
辨证,2
MVD,2
够,2
系列报道,2
疏松,2
播放,2
救命,2
稀罕,2
纵裂,2
二十,2
二十八,2
二十六,2
压致,2
幻听,2
二十三,2
二十四,2
二十五,2
三十,2
三十七,2
十八,2
十九,2
脉,2
钠,2
课程,2
2004.11.1,2
二十九,2
辛伐他汀,2
及下,2
对不起,2
34,2
过多,2
读完,2
帮帮,2
眼前,2
C4,2
炎症性,2
条件,2
体病,2
疯狂,2
患病,2
影片,2
改良,2
提到,2
抗菌,2
0901,2
抉择,2
礼物,2
杀,2
分泌,2
影是,2
辗转,2
留,2
癌,2
很快,2
栏目,2
不溶,2
社区,2
担心,2
敏感,2
性肌病,2
阻滞剂,2
逆,2
20190222,2
便秘,2
20190301,2
找词,2
Robin,2
探求,2
蜂鸟,2
隐形,2
圈,2
气球,2
负荷量,2
库,2
几级,2
由谁来,2
锅侠,2
跌倒,2
孔,2
外皮,2
脊神经,2
董钊,2
做个,2
盲,2
吃饭,2
尿失禁,2
爸爸,2
突旁,2
此类,2
求下,2
柄,2
垂直性,2
首个,2
老板,2
PWI,2
甲状旁腺,2
鼓励,2
批准,2
警示,2
疲劳,2
开去,2
打破,2
无法解释,2
眼内,2
干,2
0907,2
病原学,2
管理软件,2
金黄色,2
强,2
发硬,2
把握,2
双氧水,2
BPPV,2
三十三,2
六十五,2
何去何从,2
抛砖,2
扩容,2
清单,2
一段,2
这是啥,2
门,2
较好,2
优化,2
转换,2
动眼,2
医学影像,2
臭氧,2
赏,2
后索,2
有话,2
行医,2
优质,2
每月,2
遇见,2
很小,2
预告,2
第二节,2
第六次,2
第六届,2
纪要,2
第一章,2
传统,2
戊酸,2
打假,2
处理过程,2
不良,2
何因,2
集思广益,2
击伤,2
激活,2
扫,2
规则,2
牵头,2
呼气,2
定量,2
三抗,2
新动向,2
九十,2
基本概念,2
角区,2
听课,2
四十七,2
三系,2
杜万良,2
好多,2
短,2
利血平,2
傻,2
丙种球蛋白,2
祝,2
心包,2
慎用,2
主讲,2
no,2
像不像,2
感悟,2
发几张,2
忘记,2
院长,2
外院,2
急促,2
黑白,2
腹胀,2
渐冻症,2
小菜,2
海默氏,2
・,2
抗凝后,2
凝,2
非常感谢,2
专业型,2
不详,2
潮式,2
王硕,2
意料之外,2
血凝,2
同心,2
风心病,2
换瓣,2
疯,2
检索,2
右脑,2
复旦,2
专业人士,2
可靠,2
第二步,2
阵挛,2
弱,2
平台,2
头顶部,2
回来,2
高颈髓,2
渗性,2
想不到,2
利多卡因,2
第四天,2
高钠,2
转归,2
铸形,2
核性,2
黑朦,2
尾部,2
推理,2
190,2
欲,2
基本要素,2
0822,2
精解,2
Willis,2
一列,2
有点儿,2
敏感性,2
皮试,2
胆碱,2
第二季,2
熊猫,2
原著,2
底造,2
器,2
间接,2
尸头,2
常识,2
官司,2
能干,2
国产,2
丹参,2
男子,2
四岁,2
讲话,2
沉着,2
稳伴,2
坐,2
尼膜,2
速尿,2
董强,2
关键,2
专辑,2
转为,2
缄默,2
避孕药,2
移位,2
51,2
两篇,2
左偏,2
恭贺,2
做梦,2
苏醒,2
性肌,2
执照,2
用词,2
设备,2
正常值,2
实例,2
肌红蛋白,2
出事,2
一表,2
女孩子,2
嗝,2
叠加,2
横纹肌,2
简历,2
丁苯,2
吸氧,2
取栓吗,2
近况,2
例子,2
女患,2
八字,2
外周,2
新入,2
问下,2
天前,2
植入术,2
穿通,2
胀痛,2
前回,2
VS,2
原,2
不清伴,2
发射,2
形,2
一分,2
1008,2
旋转,2
退行性,2
药名,2
中午,2
多灶性,2
家父,2
2019,2
伴双,2
当代,2
精确,2
分段,2
虹吸,2
非手术治疗,2
栓吗,2
同意书,2
球蛋白,2
0921,2
开题,2
河北,2
手套,2
齐鲁,2
识病,2
美丽,2
铁,2
油画,2
静止,2
BNP,2
知识点,2
口袋,2
学姐,2
好久,2
免疫病,2
梨状,2
多媒体,2
低血糖,2
又见,2
多尿伴,2
周期,2
考上,2
发图,2
新生,2
心衰,2
做过,1
作业,1
指路,1
MD,1
归来,1
饭,1
带教,1
加班,1
女儿,1
眼外伤,1
流利,1
没劲,1
上颌,1
左面,1
分叉,1
窦空,1
震动,1
音叉,1
F50Y,1
脚麻,1
CVST,1
干呕,1
醉酒,1
更少,1
降糖,1
细细,1
错过,1
MOG,1
套,1
天麻,1
药监局,1
INJURY,1
HEAD,1
isher,1
minimally,1
骨结核,1
制酸剂,1
抗凝吗,1
调研,1
洼田,1
景观,1
仲,1
循环系统,1
回眸,1
足掌,1
急病,1
棉感,1
软组织,1
纵膈,1
定植,1
自言自语,1
自我检讨,1
死亡率,1
自发,1
末梢神经,1
紫杉醇,1
之风,1
杰出人物,1
50000,1
椎旁,1
VBD,1
vertebrobasilar,1
入颅,1
撰文,1
张培琰,1
刷新,1
死去活来,1
开学,1
质子泵,1
此帖,1
性格,1
注意力,1
写吗,1
没答,1
出口,1
脑钠,1
倾向性,1
发生率,1
抗纤,1
赵仁亮,1
青岛大学,1
全在,1
爷爷,1
珠江,1
昼夜,1
ZZ,1
治啊,1
暮重,1
MGFA,1
技术活,1
恳请,1
性盐耗,1
经治后,1
淀粉酶,1
液,1
基斯,1
巴宾,1
英杰,1
辑,1
第八次,1
誓言,1
希波,1
千百度,1
已久,1
阻塞性,1
终于,1
梁启田,1
落伍,1
博浪,1
鱼,1
树立,1
数十年,1
男悲,1
请假,1
中老年,1
兼职,1
子承父业,1
近九成,1
登顶,1
何士,1
期刊网,1
榜,1
INI,1
卧位,1
电影,1
置顶帖,1
秃发,1
智力测验,1
对党,1
问题解答,1
结扎,1
闭塞性,1
勘误,1
抽丝,1
收一,1
资格,1
后脚,1
肢带,1
比萨,1
硬结,1
有头眼,1
手心,1
双眼皮,1
面部潮红,1
枕颈,1
枕大,1
鉴诊,1
知觉,1
急转弯,1
解,1
侵染,1
真实世界,1
真人,1
诉此,1
state,1
肚皮舞,1
张脑,1
这有,1
舌苔,1
脑梗会,1
右颈,1
单弯到,1
百亿,1
年销量,1
这图,1
下壁,1
全有,1
两期,1
窗该,1
太牛,1
这家,1
道道,1
术语,1
症吧,1
救吗,1
颅外,1
器官,1
很怪,1
wills,1
跟帖,1
赵重波,1
骨病,1
阿片类,1
长海,1
翻身,1
张华,1
一题,1
医考,1
主业,1
取材,1
蜜月,1
泪崩了,1
最长,1
干神,1
掌上电脑,1
日常,1
数家,1
中西方,1
留言,1
nerveFLASH,1
科好呢,1
发一易,1
pps,1
落后,1
晕眩,1
张香桐,1
奠基人,1
经典之作,1
院内,1
遇一,1
血钙,1
月经周期,1
死神,1
已加分,1
发现异常,1
天余,1
右上,1
胳膊,1
舌右,1
伴伸,1
桥壁,1
显微图,1
上断,1
床突,1
天能,1
mml,1
M48Y,1
问世,1
鞍旁区,1
确,1
纠分,1
orthers,1
猜出来,1
脸征,1
出手,1
云南昆明,1
卡片式,1
普通百姓,1
在么,1
疏血通,1
谷歌,1
醒过来,1
工作记忆,1
贺银成,1
招生,1
包膜,1
十余天,1
睡醒,1
不做,1
类书,1
病能,1
变为,1
吗啡,1
止痛药,1
中有何,1
抚慰金,1
侵犯,1
瘘围,1
动静,1
龙,1
之托,1
婴,1
剖腹产,1
影版,1
婴幼儿,1
音频,1
中暑,1
误差,1
以双侧,1
性硬,1
AAL,1
Book,1
乱,1
YOUMANS,1
疑诊,1
克雅氏症,1
存疑,1
关节痛,1
HELP,1
瑜伽,1
节,1
遗憾,1
抗炎,1
宜兴市,1
考研网,1
词源,1
FLash,1
APP,1
丢失,1
系列谈,1
乐歌,1
苦,1
熬,1
医改,1
稍感,1
气味,1
农药,1
一中,1
认认,1
合影,1
老前辈,1
一波,1
两眼,1
病及,1
糖原,1
FAANS,1
秒懂,1
看懂,1
征对,1
CMVD,1
章,1
怒吼,1
青,1
南京军区,1
先谢,1
貌似,1
较广,1
定诊,1
寻常,1
分散片,1
硝唑,1
Walker,1
热,1
傻眼,1
嗨,1
possible,1
soon,1
三口,1
起步,1
躺着,1
笑话,1
书生,1
Blood,1
炸毛,1
提升,1
难于,1
命运,1
星期六,1
矢状位,1
巨好,1
畸胎瘤,1
项,1
命,1
一个多,1
努力,1
感想,1
出点子,1
仁兄,1
一场,1
药商,1
夜,1
甚感,1
要命,1
药能,1
不可不,1
洗脱,1
见水,1
一针,1
腰麻腿,1
秘要,1
一旁,1
穿穿,1
AChR,1
规培生,1
数十篇,1
助手,1
致胸,1
b12,1
压疮,1
230,1
抑制率,1
获得性,1
血卟啉,1
误,1
雪上加霜,1
学习外语,1
贵在,1
看脑微,1
真诚,1
熊出没,1
正道,1
秦,1
学风,1
HIT,1
脉冲,1
Vertigo,1
炫目,1
临床药理,1
压觉,1
慰问,1
诚挚,1
深切,1
ASL,1
徐浚,1
好记,1
111,1
虚心,1
嗅球,1
胸痛,1
向曲,1
191,1
薄滴,1
189,1
完全一致,1
高及,1
188,1
七年,1
187,1
186,1
183,1
元方,1
180,1
179,1
175,1
174,1
火眼金睛,1
这年头,1
173,1
172,1
167,1
166,1
165,1
164,1
163,1
难料,1
唯,1
156,1
155,1
153,1
152,1
151,1
岁尾,1
无独有偶,1
嗅神经,1
149,1
简化版,1
146,1
143,1
142,1
138,1
133,1
132,1
神啦,1
131,1
129,1
127,1
几次,1
126,1
羊尾,1
119,1
单药,1
初始,1
新一届,1
证候,1
码,1
打印,1
亦可,1
心愿,1
幀,1
簡圖,1
腦血管,1
報到,1
性眼震,1
祝福,1
试一下,1
新兵,1
中加,1
挛缩,1
心心相印,1
心绞痛,1
心电,1
发掘,1
循序渐进,1
给我,1
更快,1
特辑,1
佩奇,1
血栓症,1
经济舱,1
小硕神,1
PBS,1
cerebellum,1
心历,1
恶变,1
变星,1
死吗,1
加大,1
减低,1
水合氯醛,1
哭闹,1
尖波,1
0.76,1
汤加减,1
小柴胡,1
宣战,1
上医,1
找些,1
想要,1
后怕,1
亲属,1
问问,1
问神外,1
考脑外,1
Babinski,1
一吻,1
标注,1
乡镇,1
乡医,1
版考,1
择业,1
脑缺,1
现有,1
罗世祺,1
现场直播,1
显,1
Yasargi,1
拯救,1
遗产,1
校对,1
谈起,1
下方,1
缓释,1
冰冷,1
霾,1
雾,1
压腹,1
西部,1
前路,1
武侠,1
会后,1
交锋,1
武大,1
改行,1
SBI,1
时代,1
喉,1
窒息,1
头胀,1
惊情,1
右向,1
愿为,1
声带,1
不神内,1
四不像,1
主题,1
YASGIL,1
人场,1
续山大,1
组建,1
我想,1
衣服,1
尺侧,1
患了病,1
骨科医生,1
MSL,1
外企,1
刚入,1
我能,1
战线,1
一条,1
单独,1
大不大,1
对读,1
开拓者,1
Prophylaxis,1
Ischaemic,1
名校,1
博客,1
鼠脑,1
镁,1
中钙,1
349,1
拒后,1
桌面版,1
Hub,1
Sci,1
多种,1
胃癌,1
位相性,1
未婚,1
医学教育,1
慢,1
滑块,1
辛伐,1
第一周,1
我治过,1
兔子,1
低位,1
高脚,1
很差,1
下巴,1
sh,1
转身,1
一瓶,1
肺性,1
建园,1
括约肌,1
丙球敏,1
后顾之忧,1
微量,1
微管,1
昆,1
看得,1
访谈,1
六天,1
短篇,1
辞典,1
二等奖,1
国家科技进步奖,1
太好了,1
1998,1
王蓉,1
王含,1
火急,1
厄逆,1
流血,1
中中,1
针扎样,1
不幸,1
累积,1
幸,1
5500,1
外刊,1
渗透性,1
娃版,1
妥泰能治,1
腿抽筋,1
诸多,1
个人主页,1
医书,1
guide,1
doctor,1
bladder,1
方法学,1
刚干,1
超酷,1
英文翻译,1
结构图,1
Podcast,1
报纸,1
肇事者,1
黑名单,1
团结起来,1
张闭,1
王维,1
吐槽,1
聊一聊,1
轮班工作,1
piaoyzh,1
腰背痛,1
手臂,1
无知觉,1
大汗伴,1
20-30,1
沉,1
眼胀,1
奇异,1
伴眼,1
周余,1
十八天,1
十五天,1
长角,1
不太会,1
脱套,1
侵害,1
脑门,1
钉入,1
中招,1
七大,1
完美,1
大坑,1
血供,1
伴大汗,1
清创,1
大三,1
流脓,1
真难,1
愈合,1
内移,1
加剧,1
无眼,1
笔,1
单胞菌,1
同一天,1
差异性,1
失灵,1
近发,1
爱人,1
同济医科大学,1
买回来,1
96,1
担任,1
挂牌,1
同济大学,1
亚急,1
商榷,1
spiderman,1
瘤术,1
韩珂,1
zt,1
重要性,1
甜味,1
身,1
妙语,1
求合租,1
进修班,1
杰作,1
天冷,1
调理,1
体感,1
隆鼻,1
上臂,1
玻,1
基因组,1
处理软件,1
学考,1
提个,1
不太,1
均匀,1
拆线,1
神经错乱,1
完全符合,1
叫停,1
该往,1
赵璧,1
口舌,1
行为学,1
免疫力,1
抵消,1
唐山市,1
腦梗塞,1
包,1
探討,1
减张,1
博时,1
读硕读,1
当神内,1
谈肌阵挛,1
界限,1
泪,1
今日说法,1
晕动病,1
外请,1
苏医,1
保证,1
查询,1
核区,1
定为,1
糖耐量,1
双向,1
分家,1
强的松,1
突如其来,1
营山县,1
四川省,1
思睡,1
弓,1
的事,1
来此,1
問,1
Time,1
前贴,1
QOL,1
35,1
强制,1
赔不是,1
v3,1
SSReader,1
阅览器,1
的药,1
谁能给,1
头上,1
耒邦助,1
性球,1
做答,1
右弯,1
指示,1
右偏,1
睁开,1
呆诊,1
伴二便,1
变差,1
难忍,1
变色,1
遇冷,1
曲肌,1
踝关节,1
末端,1
十指,1
用力,1
相差,1
引不出,1
双管齐下,1
瘫伴,1
降脂药,1
侧后,1
均等,1
CSDH,1
caj,1
栓线法,1
热水,1
三观,1
数百次,1
得当,1
裂头,1
高糖,1
高架,1
鼠水,1
压舌板,1
首届,1
拟,1
伸直,1
额眶部,1
皮辨下,1
全中文,1
ANA,1
给予帮助,1
后肢,1
足量,1
类风湿,1
位小,1
右边,1
寄生虫病,1
症吗,1
匹灵,1
遗忘症,1
蛛网,1
勺子,1
资,1
人卫,1
食道癌,1
卢,1
一下下,1
千万别,1
手稿,1
旧病,1
巴雷新,1
笑气,1
敷,1
不行,1
缩性,1
MMSE,1
Cog,1
近端,1
失用性,1
前兆,1
幅度,1
头会动,1
无对,1
失血性,1
有助,1
不如意,1
总有,1
稿,1
清有,1
停售,1
探源,1
发一,1
及面,1
该读,1
入口,1
王集生,1
飨,1
局解,1
心外,1
变小,1
内影像,1
从业,1
肩现,1
书呢,1
萌新,1
度过,1
外博,1
濒死,1
不住,1
浮生,1
右肢,1
2----,1
创,1
精神病,1
昵称,1
指脑,1
杂,1
泡泡,1
斑马,1
性脑桥,1
猜到,1
人机,1
66,1
阵挛啊,1
花式,1
PLS,1
日本,1
显像,1
脂病,1
摄取,1
GM1,1
表现型,1
基因型,1
应激反应,1
青壮年,1
video,1
疾病症状,1
失效,1
3.,1
较全,1
元勋,1
开山祖师,1
周良辅,1
sammi,1
读吗,1
想当然,1
一门,1
网站大全,1
崭新,1
出售,1
深怀,1
便宜,1
额下,1
DX,1
沮丧,1
Korsakoff,1
比喻,1
多选题,1
岗,1
轮,1
静脉曲张,1
太长,1
增补,1
痤,1
作贡献,1
中草药,1
四味,1
神殿,1
涉及,1
认出,1
书求,1
Isilo,1
几所,1
hiv,1
宣教,1
外星人,1
书好,1
宝贵,1
三期,1
by700jbdr,1
图标,1
莱姆病,1
曲,1
直觉,1
Happy,1
Mark,1
光学,1
栏,1
变态反应,1
免费大餐,1
超级链接,1
教研室,1
虎纹,1
来稿,1
准则,1
医源性,1
朱,1
UTAH,1
guideline,1
表演,1
好吧,1
瞧,1
新亮点,1
世纪,1
目前为止,1
那家好,1
热烈,1
吻合,1
酷图,1
再次出现,1
概要,1
注释,1
ENLS,1
根袖,1
根型,1
扑克,1
形状,1
修改版,1
2010-2015,1
错,1
学完,1
实战,1
顺序排列,1
版新,1
7.11-7.17,1
新技能,1
稿费,1
百元,1
吸烟,1
仅凭,1
护士,1
解救,1
医盾,1
深圳市,1
Syndrome,1
再献,1
置管,1
多远,1
持久,1
输出,1
神医,1
残疾,1
镜,1
1999,1
李士琪,1
教学光盘,1
CAI,1
配套,1
生育,1
前瞻,1
外崩,1
流脑,1
上周,1
点儿,1
上午,1
纳米,1
仿生,1
试说,1
删,1
山医,1
省立医院,1
傻傻的,1
朊,1
散发性,1
害,1
损,1
机体,1
三唑仑,1
三相,1
三问,1
学术交流,1
三位,1
三维动画,1
发育不良,1
多见于,1
三种,1
脊束,1
录音,1
深内,1
inhibition,1
瑞金,1
Second,1
研发,1
高吗,1
如题,1
配,1
短时间,1
图上,1
surface,1
辨识,1
用速尿来,1
最合适,1
造假,1
涉嫌,1
频,1
视网膜,1
突破,1
胃里,1
确实,1
扭转,1
本土,1
大出,1
大入,1
颈性,1
简单明了,1
Creutzfeldt,1
酯类,1
侵入,1
后难,1
立位,1
你会用,1
全英文,1
棉片,1
当年,1
溶吗,1
了嘛,1
neurofibromatosis,1
手抄,1
调制,1
依从性,1
人工神经网络,1
热烈祝贺,1
肘,1
杏仁核,1
操作过程,1
提心吊胆,1
变胖,1
前查,1
通率,1
谭兰,1
全型,1
不求人,1
胃切除术,1
获益,1
利用,1
日本政府,1
第十一届,1
全军,1
百万,1
带编,1
汕头大学,1
岗位,1
中高级,1
long,1
采用,1
改了呢,1
扩展,1
速观,1
舍曲林,1
曲唑,1
独有,1
曲棍球,1
大姐,1
抬起,1
汞,1
掏,1
用手,1
此文,1
囟,1
附三,1
太阳穴,1
血沉,1
后患,1
抗凝有,1
林呢,1
停华法,1
人士,1
arcoglycanopathy,1
做出,1
手脚,1
近几日,1
谁做,1
写字,1
高尔基,1
征候,1
多肽,1
55,1
MOG35,1
跨省,1
才女,1
蚊虫,1
遭蚊,1
左臂,1
清勿,1
人到中年,1
环湖,1
ADAS,1
睾酮,1
有啊,1
二氧化碳,1
流出,1
丝,1
没能,1
十种,1
浙大,1
索引,1
器械,1
阳性细胞,1
iso,1
瞬目,1
和颌,1
喷射,1
脑缺氧,1
选个,1
低级,1
裂开,1
创口,1
在职,1
de,1
功能性,1
拉贝氏,1
白线,1
龃,1
口部,1
前有,1
高度重视,1
入睡,1
ABBBC,1
GLS,1
入量,1
父,1
冠区,1
携带,1
父母,1
ADRDA,1
DMS,1
默,1
arousal,1
awareness,1
计分,1
吸取教训,1
QOLIE,1
层次,1
心有余悸,1
红桃,1
说腱,1
问卷调查,1
斜板,1
豚鼠,1
到院,1
取脑,1
疑难问题,1
判为,1
插到,1
瑞金医院,1
还应,1
不停,1
画图,1
书名,1
中电,1
题材,1
频频,1
挡道,1
科主任,1
提点,1
rossolimo,1
闹笑话,1
口袋书,1
悬吊,1
囊括,1
咖们,1
肿瘤科,1
习题,1
初中级,1
髓质,1
求人,1
NMSS,1
PDSS,1
EPAC,1
Rembrandt,1
二册,1
邢岩,1
Step,1
判读,1
不均,1
二临,1
求面,1
咪唑,1
跳楼,1
橫,1
TRPV1,1
视鼻征,1
一向,1
组颅,1
何谓,1
gain,1
neural,1
Lovett,1
有机磷,1
CCCI,1
2.,1
1.,1
HE,1
嗅鞘,1
引部,1
清除剂,1
自由基,1
搞糊涂,1
一难,1
KA,1
求氟明翰,1
顺利,1
是非,1
来龙去脉,1
盖,1
成套,1
重复性,1
RBANS,1
Raymond,1
协议书,1
Emergency,1
眼征,1
后角算,1
腹后,1
38.5,1
糟糕,1
siminar,1
7.4,1
60000,1
基线,1
考华科,1
自创,1
悦读,1
开卷,1
本書,1
請問,1
性假瘤,1
猫叫,1
这会,1
共培养,1
DRG,1
三九,1
山,1
帕胺,1
当选,1
新编,1
与展,1
氯喹,1
t2,1
下斑,1
微骨孔,1
科学院,1
迷路,1
直,1
态,1
静息,1
看呢,1
开张,1
买些,1
证书,1
西地兰,1
研后,1
比值,1
害人,1
肌病子,1
rLMC,1
侧枝,1
cog,1
VaDAS,1
上二医,1
伴随,1
丸,1
神经毡,1
好些,1
shy,1
pipeline,1
口中,1
说服,1
出自,1
硝,1
妥太,1
TODD,1
Pulsinelli,1
全称,1
averaging,1
back,1
M3,1
M2,1
朗读,1
神外好,1
第六,1
screen,1
下下,1
侧位,1
搬运工,1
第六天,1
请神,1
下积,1
学神内,1
看此,1
WPP,1
圆梦,1
互相学习,1
热门,1
无人,1
颇为,1
癌症,1
止,1
间脑,1
sp,1
性鞍区,1
轴束,1
念,1
草字头,1
世俗,1
白,1
非常简单,1
底,1
教养,1
西红柿,1
运动量,1
丙酮酸,1
下脑,1
书未见,1
我查,1
咋消,1
发紫,1
需查,1
内应,1
原性,1
致命,1
椎骨,1
罗布,1
预报,1
kappab,1
换气,1
过渡,1
调压,1
容,1
镇静药,1
幻肢,1
昨夜,1
过伸,1
分区,1
最有,1
师友,1
师哥,1
记忆量,1
分化,1
SCs,1
高中低,1
溢乳,1
闭经,1
Neuropsychiatry,1
很傻,1
venous,1
1.9,1
was,1
mean,1
二个,1
当班,1
昨晚,1
网友,1
胺类,1
过单,1
法测,1
曾用,1
伴肌颤,1
territorial,1
城市,1
Foville,1
敬请指教,1
EC,1
斯坦福,1
可脱,1
疾病防治,1
干性,1
提倡,1
二便,1
SGB,1
窃血,1
说梦话,1
中常,1
神内吗,1
此种,1
抗凝剂,1
功能定位,1
阶段性,1
拖动,1
期要,1
硬膜下,1
纤酶,1
坛子,1
用降,1
Alzheimer,1
几层,1
上级,1
心内膜炎,1
住,1
人应,1
羟色胺,1
昏睡不醒,1
忽大忽小,1
姿势,1
南昌大学,1
舌外肌,1
血流量,1
酮类,1
喹,1
氟,1
的好,1
胖,1
十多年,1
心功能,1
优先,1
一讲,1
梳理,1
Meningiomas,1
Skull,1
编委,1
推举,1
为脑,1
中山大学,1
提意见,1
alzheimer,1
自重,1
hmjanglee,1
情求,1
清华大学,1
清风,1
青医神,1
予以,1
亲们,1
亲测,1
切记,1
脚区,1
前池,1
应有,1
权威专家,1
秋水仙碱,1
降临,1
巨,1
棒,1
分开,1
头重,1
强烈建议,1
病后,1
囟部,1
freesurfer,1
融合,1
前入,1
比不上,1
失稳,1
日子,1
前段,1
液过,1
起床,1
黄鳝,1
脉络,1
侦破,1
脑压,1
待着,1
生理功能,1
外面,1
青紫,1
可写,1
加油,1
编者,1
Bug,1
七版,1
七八十岁,1
洛尔,1
那本书,1
普及教育,1
蒲慕明,1
受精,1
瀑布,1
CASE,1
平安夜,1
下回,1
体区,1
体及,1
撤,1
偏爱,1
永久,1
批评指正,1
历届,1
成熟,1
分娩,1
彭丹涛,1
出密恐,1
盘子,1
误会,1
肖像,1
b6,1
搭配,1
最佳时机,1
ADNI,1
名人,1
一抖,1
trap,1
地猛,1
手会,1
偶见,1
偶发,1
促进会,1
药呀,1
胆汁,1
专硕吗,1
干神内,1
纳呆,1
农民,1
吃透,1
颞骨,1
尿激酶原,1
亠,1
擅抖,1
言简意赅,1
能作,1
针对性,1
跟腱,1
咽痛,1
自愈,1
三次,1
年青,1
岛,1
和继发,1
腻,1
还在用,1
176,1
是因为,1
痛吗,1
确认,1
内取,1
吲,1
百科,1
出书,1
黄从民,1
闹不清,1
极力推荐,1
首,1
超声波,1
后抗,1
瘤求,1
免疫治疗,1
近红外,1
密集型,1
采纳,1
性反应,1
病理变化,1
留存,1
几例,1
全文检索,1
制剂,1
大片,1
mmH2O,1
始料未及,1
越当越,1
之病损,1
NSE,1
异动,1
杂以,1
你呢,1
管堵,1
混合,1
缩小,1
真知灼见,1
更差,1
at,1
致眼,1
屏障,1
藏药,1
脑回,1
肾损,1
病致,1
考与瑞,1
Report,1
氨,1
正确认识,1
Case,1
环状,1
深深,1
癌病,1
里的,1
颅裂,1
概论,1
功能分析,1
证及,1
为零,1
最多,1
含量,1
滴,1
标本,1
山医神,1
棉体,1
尿床,1
虚拟,1
脑海,1
切面,1
讲稿,1
啥时候,1
排便,1
小梁,1
转载自,1
行不行,1
桂哌齐特,1
支柱,1
基石,1
少量,1
抬,1
病型,1
速碧林,1
高温,1
大放送,1
比萨斜塔,1
规避,1
PT,1
病患,1
诉头,1
ohwin,1
说不出,1
眼神,1
先查,1
定位问题,1
DIC,1
内部结构,1
角有,1
腹侧,1
难记,1
深浅,1
拉回,1
钟摆,1
brain,1
slice,1
导丝,1
讲演,1
闭术,1
孔道,1
敢不敢,1
毛细血管,1
脑低,1
水解,1
羽毛,1
脚及,1
大学生,1
有效性,1
Jackson,1
危症,1
如何是好,1
110,1
天对侧,1
克雷伯,1
面容,1
面试题,1
在手,1
桥接,1
抗菌素,1
流,1
抽,1
的问,1
秘诀,1
科用,1
呢吗,1
带区,1
抗要,1
颠痫,1
学年,1
第十一天,1
特效,1
太高了,1
时有何,1
在院,1
用亚,1
减轻,1
撞伤,1
LA,1
Leukoaraiosis,1
脑白金,1
难搞,1
拳击,1
154,1
送来,1
动弹,1
左厕,1
巴雷吗,1
请说出,1
难忘,1
谁有,1
重来,1
团职,1
一瞬间,1
植入物,1
回答者,1
长成,1
寒颤,1
缪,1
莫错,1
pathway,1
nigrastrital,1
医嘱,1
达人能,1
压箱底,1
拿出,1
第三集,1
隐球,1
磨人,1
学子,1
蚴,1
摩托车,1
后瘤颈,1
小东西,1
住宿,1
收集,1
奶酪,1
酸麻,1
痊愈,1
动感,1
健侧,1
斜眼,1
胰瘘,1
虎口,1
加分啊,1
面临,1
伴肌,1
律动,1
肌纤维,1
Weber,1
Sturge,1
兔,1
缅怀,1
改了,1
复染,1
一抗,1
巨著,1
准确度,1
泌尿系统,1
化学性,1
米勒,1
管状,1
谜一样,1
拨云见日,1
层层,1
迷雾,1
寻踪,1
张量,1
退出,1
萌生,1
鬼压床,1
过性,1
偶遇,1
是什,1
疲惫不堪,1
私,1
泰,1
外露,1
虚弱,1
换人,1
操刀,1
乌克兰,1
赴,1
谈脑,1
趴在,1
联合会,1
JNC7,1
第七次,1
工作组,1
肠外,1
煤气中毒,1
好像,1
残留,1
百态,1
胃肠,1
脉前,1
AChA,1
PChA,1
爸,1
认下,1
C57,1
氯化锂,1
小神们,1
氯氮平,1
胆碱受体,1
增龄性,1
吕洋,1
螺旋,1
时空,1
命悬,1
乱叫,1
1.8,1
dementia,1
推介,1
路过,1
尿少,1
上策,1
剧痛,1
分子生物学,1
发愁,1
字吧,1
凌晨,1
应属,1
异物,1
压是,1
监测技术,1
负值,1
机,1
生理特点,1
匹罗卡品,1
绣花针,1
九枚,1
Lewy,1
镜三,1
名教授,1
称,1
核对,1
淋巴结,1
边界,1
口音,1
右肺,1
中重度,1
形态学,1
预示,1
不规则,1
时不时,1
行家,1
CRS,1
㈠,1
压吗,1
轻重,1
插图,1
抑酸,1
六省,1
华东,1
腹安,1
铺,1
17.2,1
Tid,1
极高,1
创面,1
增生症,1
分水,1
Neuroradiology,1
被压迫,1
版助,1
碟,1
旅游,1
小姑娘,1
3-5,1
15.5,1
外遇,1
茨,1
摔伤,1
天内,1
流行病,1
伴多,1
失聪,1
陈清棠,1
12222222222222,1
实录,1
及鞍区,1
大连,1
0801,1
NieMann,1
佐匹,1
全体同仁,1
来袭,1
UC,1
马蜂窝,1
牛人吗,1
Human,1
受人之托,1
多谱勒,1
text,1
baid,1
删去,1
Neurological,1
干扰,1
峰,1
指痛,1
weeks,1
0506,1
2006.8.27,1
请举手,1
闹,1
哪里找,1
发右,1
通告,1
数据分析,1
禁止,1
概括,1
SYNDROMES,1
问答题,1
Dissections,1
我管,1
触目惊心,1
Radiosurgery,1
Low,1
期盼,1
Injury,1
Astrocytes,1
喜温,1
山东医科大学,1
ds,1
脆性,1
洞,1
躺,1
求大能,1
最需,1
鸟牌,1
明星,1
激荡,1
2005.9.5,1
绝对值,1
唑,1
重新整理,1
元旦,1
放线菌,1
ICP,1
是吗,1
阵,1
医护,1
的是,1
右前,1
股骨头,1
195,1
交叉,1
未行,1
KG,1
肝硬化,1
两分,1
视物叠影,1
理性,1
Evoked,1
implantation,1
HOPP,1
HELPME,1
讲讲,1
有分,1
臀,1
b1,1
0805,1
月龄,1
选择性,1
气道,1
直径,1
题库,1
谚语,1
彩超,1
力学,1
中科大,1
有误,1
cta,1
终结者,1
习作,1
肚子痛,1
长辈,1
做客,1
铉,1
伤及,1
视束,1
以供,1
走走,1
欠佳,1
雷诺氏,1
倾向,1
ARDS,1
吃吗,1
喜劇,1
薄,1
脱,1
馅大皮,1
可逆,1
上见,1
尚能,1
全过程,1
指明,1
注药,1
123...,1
前及,1
名院,1
资讯,1
个片,1
帕雷,1
外显子,1
异病,1
顺口溜,1
易中,1
DXY4,1
yujintai,1
1022,1
很轻,1
难懂,1
B1,1
上颅,1
颈亢,1
被害,1
瘤卒中,1
a,1
打听一下,1
品牌,1
西坦,1
突破性,1
eFilm,1
毕业生,1
常理,1
乘坐,1
膀胱,1
三步,1
答复,1
留言簿,1
堵塞,1
用尼膜通,1
奥,1
顶盖,1
庭,1
通在,1
固定装置,1
抗原,1
鲁明,1
仙逝,1
等待,1
Jr,1
hhhh,1
专用贴,1
刀伤,1
截图,1
发了,1
时间推移,1
1116,1
电磁,1
Kennedy,1
根治术,1
DDMS,1
伤后,1
径路,1
抗感染,1
不合理,1
打扰,1
联系电话,1
考神内,1
漫漫,1
软骨,1
0612,1
大部头,1
电凝器,1
堵管,1
0426,1
金刚,1
抓住,1
砍成,1
每晚,1
中日友好医院,1
骨缘,1
诀窍,1
雷鸟,1
及舌部,1
折管,1
女人,1
选修课,1
妙龄女郎,1
奥扎,1
烯醇,1
四己,1
鸿,1
真菌病,1
刍议,1
用否,1
患上,1
卫生院,1
USA,1
体育锻炼,1
Guest,1
blackbox,1
黄,1
顾及,1
拔,1
顶级,1
欧美,1
跟风,1
苯海索,1
活不,1
费用,1
查啥,1
看新,1
我会,1
0911,1
一院,1
阴阳,1
实体,1
不佳致,1
可的松,1
邯郸市,1
入围,1
三见,1
写作组,1
Overactive,1
健康报,1
心脑血管病,1
体验,1
之星,1
节前,1
同等,1
大囊,1
特征性,1
RM,1
反位,1
0418,1
2.4,1
高峰论坛,1
烦,1
马,1
能为,1
去不去,1
出作性,1
GBM,1
出枕大池,1
氯丙嗪,1
假体,1
CVD,1
洋为中用,1
期脑,1
天上,1
ftp,1
细胞毒,1
Trauma,1
特来,1
保守疗法,1
align,1
手形,1
哪班,1
招聘启事,1
分析题,1
Marchiafave,1
培训中心,1
填充,1
0628,1
0.8,1
可爱,1
召集,1
眼轮,1
要会,1
版间,1
更长,1
Highlight,1
兼,1
Controversies,1
摄像头,1
No,1
血钾,1
清晰版,1
剃头,1
0615,1
DEFUSE,1
大二,1
慢性病,1
注射用,1
张片,1
梁,1
8.1,1
危言耸听,1
ZO,1
0713,1
连接蛋白,1
紧密,1
后外,1
性瘫,1
基底膜,1
AI,1
安家费,1
很久没,1
Betaseron,1
示踪,1
孙斌,1
金属环,1
微软,1
麻花辫子,1
寿,1
已故,1
Patients,1
读才,1
华科,1
Albert,1
交换,1
度,1
保护装置,1
压会,1
储,1
感冒,1
旁回,1
0712,1
正文,1
窗宽,1
新峰,1
五十五,1
事件,1
生涯,1
病理科,1
瑞尔,1
寿比山,1
自取,1
质控,1
脑叶,1
石川,1
征稿,1
感同身受,1
PMC,1
失写,1
以幻,1
Trends,1
王世杰,1
Mutliphoton,1
增殖,1
184,1
引,1
长束,1
流泪,1
自缢,1
uyun,1
贤,1
外板,1
减慢,1
氏症,1
medicine,1
已续,1
自理,1
直播间,1
一传,1
注册机,1
模仿,1
根炎,1
锐,1
足坛,1
MOYA,1
格兰巴雷,1
格言,1
钢筋,1
征时,1
世上,1
病态,1
终身不忘,1
文侠,1
发展史,1
互搏,1
get,1
交流活动,1
朝阳,1
双刃剑,1
程忻,1
沈阳,1
接见,1
因是果,1
受风,1
贯通,1
以此,1
website,1
国情,1
暂时,1
指头,1
20190308,1
岛叶,1
想发,1
抓,1
摸,1
B超,1
10.9,1
STARRY,1
09.12,1
质料,1
刘,1
MCS,1
无意间,1
救,1
常见于,1
尿液,1
难以捉摸,1
Meta,1
奇图,1
山东大学,1
释放,1
Functional,1
0703,1
157,1
颈后,1
1212,1
转诊,1
脑深,1
Crescent,1
问到,1
南京军区总医院,1
尸解,1
正,1
MP3,1
脑回状,1
新一代,1
三秒钟,1
友好,1
0503,1
武汉大学,1
怀特,1
Sabiston,1
脑耗,1
竟要,1
刚管,1
0423,1
肩颈,1
肝功,1
彷徨,1
续,1
一点儿,1
病因学,1
众多,1
合,1
血脑,1
尚存,1
不应,1
0204,1
再溶,1
多用,1
物有所值,1
经蝶入,1
靳令经,1
颈段,1
浅析,1
扫盲,1
meta2,1
小猪,1
AGO2,1
ASP,1
金,1
红花,1
足趾,1
事情,1
组化,1
信,1
平,1
有错,1
2004-10-20,1
管药,1
亚裔,1
另辟蹊径,1
0329,1
newbie,1
铺巾,1
辅修,1
横,1
倒班,1
晚,1
Protocol,1
雨滴,1
购书,1
分度,1
高度,1
朝前,1
球瘤,1
时头,1
影印版,1
前后左右,1
周有,1
后应,1
降价,1
赵版,1
健脑,1
沈,1
规律,1
0606,1
鼾声,1
河南,1
库欣,1
治平,1
热情,1
期后,1
长度,1
空气,1
for,1
MICROMEDEX,1
舍,1
Boyson,1
0212,1
欧州,1
恳求,1
增粗,1
跨横,1
1018,1
Mollaret,1
响应,1
床边,1
介绍书,1
1013,1
作品展,1
新加,1
电极,1
海莫,1
临终,1
综合性,1
学专硕,1
非标准,1
耻笑,1
大枕大池,1
NEST,1
摘录,1
医科,1
陈仲伟,1
domains,1
怕冷,1
良策,1
眼咽型,1
0620,1
和皮,1
0725,1
弥可保,1
猘,1
急剧下降,1
老年痴呆症,1
朝后,1
稀有,1
深思,1
变细,1
错吗,1
闫明,1
膝腱,1
治慢,1
硅胶管,1
DW,1
性侧,1
医学中心,1
可医,1
娃,1
境,1
新郎,1
要进,1
拙作,1
癌栓,1
三主征,1
192,1
还会,1
受凉,1
孕,1
晨轻,1
康,1
死亡线,1
支人血,1
元凶,1
句,1
Hess,1
相通,1
特优,1
0403,1
源于,1
North,1
1996-2005,1
国家药监局,1
仑,1
麻醉药品,1
层面,1
天有,1
1995,1
20190124,1
流畅,1
田峰,1
麻本,1
一度,1
刺破,1
0724,1
entacapone,1
卡朋,1
闹心,1
部到,1
神版,1
重返,1
医药,1
咋样,1
围术,1
书目,1
给些,1
影响力,1
名义,1
敲,1
大讲堂,1
有望,1
外转,1
女硕士,1
Chairi,1
氧氟沙星,1
194,1
立足本职,1
签字,1
恐惧,1
淤斑,1
何救,1
全新,1
向性,1
先给,1
瘀斑,1
单机,1
煤炭工业,1
终止,1
倒下,1
心理咨询,1
对口,1
出血点,1
转学,1
扎,1
CHF,1
sigma,1
E,1
0.4,1
中西,1
诚征,1
静点,1
1994,1
考吗,1
蹲,1
求隐,1
八十六,1
用到,1
压时,1
淘汰,1
李振新,1
前床,1
一两年,1
红遍,1
无瘤术,1
专长,1
紫熊,1
ONCOTARGET,1
做啊,1
193,1
王敏,1
LTP,1
曹操,1
二院,1
医闹,1
88,1
放液,1
小妹,1
内附,1
口腹,1
大战,1
1002,1
先睹为快,1
腹股沟,1
同情,1
表兄弟,1
MODS,1
血红蛋白,1
通讯,1
脊舒,1
折磨,1
集结,1
伴肺,1
额角,1
巴氯酚,1
漏个,1
口罩,1
飘带,1
代友,1
拒食,1
军队,1
试用版,1
臭屁,1
受欢迎,1
灼热感,1
激动,1
拉克,1
11111,1
痛是,1
难啦,1
颞区,1
社会,1
核蛋白,1
舍去,1
漏有何,1
多田,1
内脏,1
踌躇,1
具体操作,1
弟弟,1
布病,1
筛选,1
kernig,1
率前,1
镜下,1
胸腺,1
一只,1
山东,1
20060116,1
见仁见智,1
化酶,1
皆,1
几岁,1
病呢,1
李铁,1
Hamdy,1
coiled,1
puncture,1
经销商,1
本色,1
curtain,1
研究生班,1
失读,1
附二,1
本月,1
吐,1
圣诞快乐,1
GLU,1
头像,1
蹒跚,1
两岁,1
蛋白沉淀,1
Immunotherapy,1
利大,1
随防,1
形象,1
neurons,1
英文简历,1
血色素,1
侄女,1
字节,1
Whipple,1
任铭,1
快讯,1
不可多得,1
下该,1
寒星,1
EUO,1
五十七,1
Foster,1
演化,1
下颅,1
市场,1
SPINE,1
rtPA,1
氨酚,1
pneumocephalus,1
不闭,1
同僚,1
标书,1
Spetzler,1
双鼻侧,1
抓图,1
意志,1
swf,1
内行,1
DUUS,1
进门,1
0526,1
快致,1
陈,1
顶一下,1
一颅,1
重提,1
手腕,1
食管癌,1
灌水,1
紧急通知,1
Base,1
2006.8.13,1
边缘系统,1
问幕,1
离奇,1
尼莫,1
渗漏,1
0917,1
越,1
越写,1
拜后,1
及促,1
ET,1
踏上,1
炎性,1
惊险,1
迈进,1
Rasmussen,1
小硕,1
最常,1
OM,1
付费,1
志于,1
加餐,1
三级,1
静候,1
胃腔,1
爬网,1
尖吗,1
打水漂,1
0910,1
Diffusion,1
涨得,1
潜毛窦,1
艰难,1
辛勤劳动,1
铁帖,1
执教,1
忘,1
做成,1
AIDS,1
后继,1
動脈瘤,1
的病,1
请入,1
PA,1
UPDRS,1
巴彬斯,1
硕士生,1
效佳,1
黄克维,1
突段,1
寒心,1
堂,1
主要症状,1
可回,1
伸入,1
烧脑,1
内大,1
Reelin,1
莫笑,1
0730,1
剪辑,1
管理系统,1
异色,1
合租,1
疑点,1
12311,1
脊柱炎,1
药么,1
选择题,1
闹元宵,1
陈生弟,1
解丘纹,1
华盛顿大学,1
摘除,1
白衣天使,1
硕导,1
Yes,1
无能为力,1
右足前,1
已愈,1
附壁,1
扩张剂,1
英文单词,1
0630,1
维他命,1
2006.8.7,1
0614,1
永久性,1
完整性,1
Dandy,1
0727,1
咬,1
临时,1
始作俑者,1
九十九,1
渗钠,1
出芽,1
有用吗,1
纳闷,1
tract,1
0430,1
一睹为快,1
权衡,1
DEFUES,1
0717,1
安装版,1
首都,1
二部,1
load,1
应届,1
0210,1
HINTS,1
HU,1
查不出,1
PRES,1
有恩,1
两大,1
一首,1
0324,1
有哪,1
bell,1
核内,1
导读,1
0709,1
症伴,1
YOMANS,1
AtherosclerosisScore,1
粟粒状,1
APTT,1
电子邮箱,1
合作,1
期抗凝,1
拿不准,1
牵强,1
0626,1
利尿剂,1
1004,1
巴洛,1
0714,1
偶犯,1
基础课,1
一历,1
Gennarelli,1
高通量,1
别忘,1
雨,1
dna,1
堵上,1
三级预防,1
大汗淋漓,1
致颅,1
拜求,1
英语版,1
班,1
飞机,1
药水,1
1120,1
待遇,1
各有,1
仲裁者,1
发育不全,1
动画城,1
规矩,1
欢迎光临,1
经验总结,1
高论,1
方入,1
马来酸,1
多样性,1
临五,1
With,1
diseases,1
主干,1
四联,1
挣分,1
Aspirin,1
Notch3,1
外地,1
无头,1
0925,1
0701,1
征及,1
笑傲,1
攻一攻,1
报考,1
start,1
败血症,1
来拿,1
互为,1
腓骨,1
远,1
就说,1
PLOS,1
会转,1
屈原,1
第九版,1
肘管,1
液相,1
Gliadel,1
央视,1
环节,1
学医,1
回扣,1
147,1
求高人,1
焦点,1
Fish,1
眼上,1
瘤病,1
脑面,1
潜在,1
想求,1
肛门,1
1-42,1
0531,1
techniques,1
转出去,1
车库,1
驾到,1
躯体,1
RealMedia,1
五十,1
0919,1
余伴,1
学沫版,1
步行,1
0807,1
额纹,1
六十,1
纠错,1
白大褂,1
黛力,1
仍为,1
茫然,1
强的松龙,1
分析报告,1
心脑,1
盐酸,1
口味,1
殊途同归,1
0918,1
日起,1
网织,1
阿尔茨,1
五名,1
性肌束,1
贲门癌,1
新思路,1
三分之一,1
枕征,1
梦游症,1
否定,1
眼痛,1
卡,1
ATM,1
欢迎批评,1
Fundamental,1
竞猜,1
通透性,1
0122,1
用括,1
温度,1
babiski,1
DLB,1
新用,1
物品,1
杂七杂八,1
162,1
双染,1
0104,1
20190119,1
1026,1
目标值,1
之子,1
压症,1
范畴,1
0920,1
肿痛,1
起搏器,1
道,1
蛋蛋,1
枢椎,1
令人费解,1
第三天,1
膈,1
哪几种,1
食管,1
法资,1
浅红,1
何原因,1
20190113,1
0716,1
组装,1
急问,1
腺苷,1
拉莫,1
废除,1
醒后,1
最前沿,1
远隔,1
20190107,1
能行,1
交班,1
书卖,1
心目,1
先驱,1
定期,1
不太好,1
体肌炎,1
角弓反张,1
CPR,1
份,1
中出,1
痴呆症,1
4.5-6,1
steal,1
mouse,1
WFITN,1
potentials,1
亲,1
脑栓赛,1
mail,1
最优,1
1215,1
样子,1
扩张型,1
时椎,1
老头,1
1210,1
炸裂,1
1201,1
dancing,1
TBM,1
科海,1
很弱,1
的进,1
提老,1
程,1
iangcl1214,1
ASAP,1
正版,1
悬挂,1
病原,1
战位,1
颤,1
䓬,1
㈡,1
解释一下,1
1128,1
1126,1
论述,1
实用程序,1
高参,1
大叶,1
大开眼界,1
谈话,1
0613,1
中文网站,1
1124,1
死板,1
谈颅,1
1020,1
低吗,1
NEURON,1
1122,1
众位,1
数天,1
代,1
按压,1
巧妙,1
1119,1
有要,1
需求,1
1118,1
从脑,1
秘籍,1
不太难,1
该病,1
导,1
你会吗,1
吓一跳,1
痛不欲生,1
决策,1
所属,1
carotid,1
0912,1
NCCN,1
浏览,1
自由,1
嗝逆,1
断头,1
规管裂,1
窦及,1
1110,1
专家库,1
栓子,1
相,1
己见,1
内部,1
1108,1
放电,1
腹压,1
1214,1
1106,1
波,1
甜甜,1
搜到,1
暂时性,1
滴注,1
窗位,1
小医见,1
1103,1
点燃,1
灾难性,1
1102,1
猜中,1
老太太,1
辅导,1
突上,1
LHF,1
1031,1
做脑,1
precipitants,1
没听过,1
CRT,1
构,1
1028,1
戒酒,1
illis,1
转头,1
地米,1
1027,1
上半,1
处于,1
脂钠,1
实用性,1
六十八,1
fdp,1
这捞分,1
蛋白尿,1
增设,1
讲得,1
Textbook,1
麻醉科,1
岩斜,1
求帮,1
环菌,1
帽状腱,1
及大,1
三颗,1
外科主任,1
三角,1
词语,1
泮,1
司,1
互动,1
2004.12.9,1
双底,1
文学,1
赏析,1
账号密码,1
挛,1
断肠草,1
震,1
难寻,1
心血,1
中腰,1
公立医院,1
1029,1
0412,1
功效,1
消退,1
0719,1
新春快乐,1
图片库,1
舒马赫,1
认真学习,1
轴位,1
Fahr,1
消瘦,1
抗凝呢,1
五大,1
0818,1
转神外,1
轻视,1
肌阵,1
放暑假,1
人对,1
园站,1
一线,1
1009,1
Pick,1
0629,1
结伽,1
侧视,1
头蒙伴,1
授课,1
中未,1
终稿,1
侵及,1
坐标,1
百分之,1
下经单,1
1101,1
L3,1
添,1
拜年,1
过没,1
认领,1
惊讶,1
黄红云,1
灌脑,1
无尿,1
骂,1
CCA,1
精典,1
行业,1
105,1
煎蛋,1
dimer,1
怎啦,1
漏入,1
20190120,1
Neuro,1
六个月,1
跟踪报道,1
远处,1
霹雳,1
环枕,1
0804,1
天硬膜,1
人能,1
0328,1
吸烟史,1
指导意义,1
912,1
研究课题,1
热售,1
人物,1
0816,1
0928,1
哪根,1
DM,1
海蛇,1
全攻略,1
依赖,1
0221,1
小女,1
表型,1
病伴,1
coil,1
左洛复,1
兄弟俩,1
分部,1
InterBRAIN,1
高山,1
热射病,1
Bleed,1
0706,1
0711,1
我吗,1
新解,1
conscious,1
前臂,1
0705,1
这句话,1
再闭,1
一串,1
界外,1
接取,1
开个,1
2003-2005,1
促,1
医路,1
工作效率,1
任祖渊,1
多少钱,1
鼻唇,1
气氛,1
没跳,1
激烈,1
医药学,1
part,1
0125,1
再议,1
COX,1
前行,1
评论,1
深红,1
天晴,1
Bignami,1
老姜,1
阅图,1
快捷,1
结肠炎,1
实在,1
Morris,1
Quick,1
外大牛,1
囊尾蚴,1
Pgp,1
电图,1
1121,1
轻蔑,1
外科病人,1
诺卡菌,1
遗漏,1
二位,1
福建省,1
钉子,1
大有作为,1
群号,1
找个,1
认同,1
化,1
报神,1
Cerebrovascular,1
苔藓,1
漏时,1
酿脓,1
NASPE,1
于炎,1
氏征,1
拇指,1
误入,1
这双贼,1
患面,1
无处,1
插画,1
atlas,1
是从,1
ABCD2,1
老拉,1
娃娃,1
喘息,1
兰州大学,1
麦杆,1
1024,1
November,1
0905,1
1109,1
不耻,1
一听,1
整,1
梗阻性,1
转颈,1
涡轮,1
诗,1
举证,1
Archives,1
半离断,1
实验设计,1
一市,1
Recent,1
头昏眼花,1
十多天,1
首发式,1
共赏,1
能发,1
建个,1
角度,1
讲话稿,1
PPD,1
伴微,1
秘密,1
myogenesis,1
第一款,1
错构瘤,1
0908,1
拟诊为,1
大吃一惊,1
好个,1
Poo,1
CBF,1
鲜血,1
供参考,1
INR,1
半双,1
中用,1
太和,1
经蝶窦,1
杵,1
传染科,1
中双抗,1
Tiger,1
血尿,1
全面性,1
书吧,1
foramenal,1
前沿,1
晨起,1
小读,1
发于,1
有凌峰,1
肩手,1
保养,1
分到,1
多囊肾,1
侧裂区,1
平凡,1
好点,1
第一批,1
2005-2011,1
102,1
斜面,1
阑尾,1
类书籍,1
nf,1
主任委员,1
barthel,1
it,1
flow,1
周伴,1
代酸,1
来来来,1
连发,1
乳头状,1
0529,1
性别,1
荣,1
表现形式,1
急查,1
700,1
做饭,1
1229,1
开刀,1
面对面,1
老栓系,1
地形图,1
0814,1
Interactive,1
TOB,1
呼叫,1
单细胞,1
鲁,1
钾型,1
要领,1
手掌,1
胡椒面,1
1228,1
不该,1
涨价,1
热心,1
频率,1
革命,1
路林手,1
Of,1
ARAS,1
偏征,1
协会主席,1
7.29,1
镫,1
眼科学,1
主管,1
警句,1
还算,1
课,1
警醒,1
wmv,1
MIMS,1
1209,1
肠源性,1
症侯,1
再传,1
三周年,1
到来,1
九十年代,1
特惠,1
答惑,1
肌间,1
危险度,1
缝衣针,1
有术,1
microscopy,1
取词,1
Office,1
七十六,1
脸麻,1
脑苷,1
女默,1
众里,1
已阅,1
求脑外,1
看才,1
国家自然科学基金,1
口病,1
那点,1
所有人,1
Clinics,1
即时,1
分值,1
NEW,1
变慢,1
大赛,1
李东,1
到病,1
海人酸,1
Caplan,1
胃复安,1
调调,1
为谢,1
祝辞,1
咸,1
之十,1
7.3,1
替莫唑胺,1
版一,1
病日,1
原代,1
download,1
109,1
亚历山大,1
0710,1
青春期,1
血检,1
泼,1
初中,1
值得尊敬,1
百项,1
TPA,1
四叠体,1
1023,1
MAYO,1
0815,1
评审,1
张建民,1
几何,1
石家庄,1
胎盘,1
3-4,1
窦硬脑,1
ONLINE,1
回见,1
七周,1
角色,1
愿不愿,1
膝盖,1
冲浪,1
1115,1
0715,1
中鞍底,1
stenosis,1
东升,1
0904,1
牙痛,1
11-27,1
老父亲,1
到吧,1
美容,1
中指,1
medscape,1
max,1
暨南大学,1
李老师,1
LSA,1
0102,1
txt,1
枕下,1
不妥,1
男友,1
颅中,1
哑铃,1
节选自,1
0728,1
改,1
美金,1
打开方式,1
外观,1
拉,1
0723,1
0320,1
看片识病,1
颅面,1
素质,1
得用,1
管摸瘤吗,1
look,1
慷慨,1
早醒,1
胶丸,1
岁脑,1
0602,1
0924,1
孪,1
过期,1
湘雅医院,1
戒毒,1
Best,1
NaCl,1
0827,1
20190117,1
调脂,1
anti,1
陷阱,1
震惊,1
20190116,1
厌寒,1
1019,1
会用,1
说病,1
肿么了,1
比拼,1
高峰,1
推广,1
图例,1
斯堪的纳维亚,1
猖狂,1
颞入,1
PDS,1
利尿,1
诊病,1
舌体,1
1012,1
考前,1
朮,1
芭致,1
裂隙,1
脑梗是,1
已作,1
肺脑,1
1105,1
大萝卜,1
野外,1
稍弱,1
会死,1
0301,1
思考问题,1
0419,1
霍纳得,1
化验单,1
象什,1
建版,1
肌震挛,1
九十六,1
型髓,1
实质性,1
二期,1
zz,1
阿基,1
物质,1
尖区,1
七十三,1
结膜,1
性手,1
预计,1
中华网,1
床头,1
第一季,1
肌痛,1
首款,1
中大,1
本科专业,1
转科,1
20190201,1
抬高,1
镇静剂,1
转瞬,1
多折,1
0702,1
曲克芦,1
PPAR,1
制造,1
筛,1
争分夺秒,1
协调,1
0922,1
1011,1
1107,1
草,1
李斯特,1
四十四,1
闭眼,1
溃疡性,1
肌肽,1
期有,1
局,1
顺凝宝,1
胡,1
性展,1
奥拉,1
Cord,1
0304,1
20190114,1
0821,1
Shaheen,1
过招,1
Genetics,1
易发,1
范可尼,1
当作,1
眼动,1
过段时间,1
自溶,1
0808,1
人伤,1
1006,1
纽,1
心房,1
帅,1
药效,1
程序性,1
slicer,1
20190214,1
FOLLOW,1
试剂,1
1007,1
一图流,1
无奈,1
叮时,1
参个,1
182,1
泛,1
春节快乐,1
2014.4,1
肝细胞,1
普萘,1
1123,1
氟桂利,1
赠,1
真让人,1
学习者,1
全套,1
抢鲜,1
坤,1
生酮,1
冻结,1
搞不懂,1
0722,1
夫妻,1
开瓣,1
业务,1
力度,1
Secrets,1
1127,1
多尿,1
fmuzzy,1
poems,1
下新,1
20190130,1
吟诗,1
浓度,1
真心,1
成林,1
T1WI,1
1207,1
弊大,1
铜绿,1
1015,1
灌胃,1
控释,1
刘会,1
作息,1
0923,1
感应,1
呼喊,1
0810,1
冷汗,1
军医大,1
PER3,1
三脑,1
1025,1
UP,1
司法鉴定,1
绝经,1
肾功,1
团体,1
surgery,1
药依,1
露骨,1
领导,1
正常人,1
三十九,1
准确率,1
GULANG100,1
20190128,1
版旧,1
祺,1
囊区,1
线索,1
请大,1
0927,1
用户名,1
Eaton,1
最多见,1
鱼类,1
加急,1
余个,1
0916,1
重伤,1
好长时间,1
雷击,1
上不去,1
克拉底,1
计算机辅助,1
烷,1
盔甲,1
掉,1
浙二好,1
针,1
右桥,1
2006.8.14,1
1010,1
痿证,1
几幅,1
系解,1
pszmj,1
生日,1
前侧,1
翻拍,1
高难,1
始末,1
储存,1
恐癌,1
为什,1
纳入,1
Carotid,1
何新,1
审定,1
JAMA,1
难补的钾,1
并脑,1
style,1
弓形,1
forum,1
书写困难,1
吻,1
变薄,1
DNA,1
心机,1
percheron,1
2002-2005,1
巴彬斯基,1
2004-2006,1
节日期间,1
Beagle,1
全切,1
砸头,1
肺气肿,1
针刀,1
迁延,1
PRL,1
伴大,1
0.96,1
赛制,1
风传,1
劳请,1
眼眶,1
艺术,1
完全缓解,1
选编,1
注明,1
十条,1
菜花,1
0402,1
音,1
发生意外,1
治疗学,1
6-7,1
不太懂,1
NS,1
外因,1
PC,1
腹胀痛,1
cai,1
麻省,1
watershed,1
度过难关,1
爆胎,1
对冲,1
BrainLab,1
盘点,1
Guide,1
胶样,1
权作,1
热点话题,1
对王,1
栽,1
老药,1
专病,1
电杆,1
安得仲,1
递增,1
Bear,1
肌震挛性,1
博导,1
全集,1
发冷,1
误穿,1
APACHE,1
设想,1
作品,1
视丘,1
高难度,1
窦乙状,1
的坑,1
间歇,1
那家,1
何时能,1
已报,1
环路,1
0109,1
截止,1
第二期,1
天天见,1
污染,1
五十二,1
霍金,1
咽不下,1
驱铜,1
on,1
古茨,1
大词典,1
AC,1
成才之路,1
发左性,1
dolichoectasia,1
帮着,1
无意识,1
fahr,1
蛋白激酶,1
脑裂,1
向上,1
lesion,1
菜,1
氢化,1
妨碍,1
名著,1
求点,1
北,1
薄礼,1
写给,1
衡,1
医治,1
20190111,1
新减,1
美容术,1
Rt,1
第一篇,1
多加分,1
可延长,1
殴打,1
退化,1
修养,1
试,1
CNS,1
能行吗,1
伴尿便,1
嚼,1
二十余日,1
瘘吗,1
半身不遂,1
诺氏,1
混合性,1
持续时间,1
较长,1
脊睫,1
已锁,1
浣熊,1
第二任,1
各条,1
样板,1
手册,1
Scale,1
信号转导,1
蜗,1
烧,1
捞,1
Panautonomic,1
直指,1
腹腔镜,1
第四步,1
内心,1
氯化钾,1
坏事,1
之依,1
服你,1
T11,1
博题,1
杭州,1
呼吸道,1
ysf2k,1
徘徊,1
何故,1
这门,1
予,1
长时间,1
第十,1
五天,1
静脉注射,1
占有,1
发第,1
一氧化氮,1
变迁,1
甚,1
Sah,1
双重,1
无从下手,1
之四,1
达人,1
八岁,1
指导性,1
报报,1
0721,1
0312,1
不清待诊,1
审稿人,1
中抗,1
滴速,1
觉着,1
处方权,1
双氢克尿塞,1
艾,1
PDG,1
0417,1
珠海,1
1125,1
ONE,1
中见,1
希神内,1
太轻,1
1021,1
特性,1
再行,1
壁,1
英文字母,1
SKY,1
添新,1
季,1
教学片,1
cavity,1
CDI,1
第十二次,1
自拍脑,1
十余日,1
标准答案,1
成板,1
闭,1
research,1
降温,1
投吗,1
here,1
豪,1
疑脑,1
凝固,1
孕产妇,1
EMF,1
淤,1
0404,1
象限,1
求看,1
两张,1
0718,1
漫画版,1
大小不等,1
事发,1
家系,1
chaddock,1
牙龈,1
几份,1
give,1
考神,1
不好意思,1
淡,1
眼头,1
hypertension,1
远程,1
徐蔚海,1
Sugita,1
事迹,1
内陷,1
楔叶,1
177,1
浪漫,1
庆典活动,1
l0,1
首诊,1
实时,1
更近,1
四十二,1
发呛,1
二三,1
cpc,1
的么,1
左手指,1
因特网,1
暴力,1
端脑,1
腔梗,1
初冬,1
因及,1
drager,1
愈后,1
李勇杰,1
第十四届,1
一二点,1
HPLC,1
PPI,1
SPINAL,1
响尾蛇,1
上课时,1
临界值,1
冲击疗法,1
三本,1
chm,1
病检,1
凑个,1
Mefty,1
迟纯,1
高校,1
药好,1
脖子,1
本年,1
片及术,1
液性,1
practice,1
首创,1
Mini,1
controversies,1
rolandic,1
起草,1
接龙,1
gmail,1
八十三,1
85,1
较快,1
不治之症,1
阿普唑仑,1
几率,1
重排,1
误导,1
装病,1
凉,1
冲洗,1
circulation,1
中医医院,1
尝试,1
STEPS,1
芭,1
燕尾,1
23-24,1
寻因,1
各抒己见,1
书记,1
畸型,1
组织学,1
氮,1
阈,1
仅仅只是,1
徐动,1
钻颅,1
2006.7.31,1
胰腺炎,1
定乾坤,1
腰间盘,1
已归,1
千元,1
今晚,1
有视,1
在内,1
0208,1
性欲,1
0525,1
思,1
游离,1
1174,1
0803,1
肩,1
缓,1
asno2004,1
reln,1
0828,1
Moyamoya,1
好文,1
BA,1
下颈,1
nature,1
一览无余,1
欠稳,1
COOL,1
调脂吗,1
推要,1
水钠,1
压缩,1
兴奋剂,1
他敏,1
糖低,1
csf,1
数要,1
话会,1
硫酸镁,1
录,1
暂不给,1
环及,1
剥除,1
突触,1
上腹,1
19-20,1
耳脑胶,1
速览,1
flash16,1
无损伤,1
入门教程,1
0729,1
报脑,1
IE,1
手口,1
月许,1
出人意料,1
失,1
少于,1
普外科,1
0305,1
相继,1
点击,1
肥厚,1
口手,1
喉返,1
瓶,1
机器,1
删掉,1
0926,1
准神外,1
精神病学,1
入学考试,1
ACA,1
结脑会,1
劫持,1
装些,1
出新,1
delta,1
1112,1
新会员,1
医学部,1
已近,1
治吗,1
ECMO,1
压强,1
烦恼,1
进一步提高,1
05-08-25,1
实性,1
助理,1
打尽,1
胸水,1
觉较,1
很漂亮,1
NINCDS,1
ING,1
重病,1
已上,1
该项,1
英姿,1
有害,1
触压,1
过目难忘,1
treatment,1
焦虑症,1
0809,1
无影,1
身为,1
悬液,1
大胆,1
中国医科大学,1
多个,1
聊个,1
中枢系统,1
脊膜,1
同向,1
公用,1
成瘾,1
投石问路,1
六十二,1
耶鲁,1
接手,1
我先,1
院庆,1
延伸,1
学总,1
东方,1
TFNE,1
建科,1
轮廓,1
水刊,1
CBD,1
衣原体,1
版版助,1
玩坏,1
上任,1
Eye,1
Huntington,1
窗明几净,1
征问,1
文,1
哈医二院,1
局灶性,1
用过,1
结业,1
追剧,1
请来,1
蓬莱市,1
报到,1
病名,1
线雕,1
丫,1
受刺激,1
牙关紧闭,1
在京举行,1
语音,1
奔跑,1
血液循环,1
0708,1
精采,1
八卦图,1
判别,1
花季,1
小指,1
迈阿密,1
定了,1
例外,1
刺血后,1
即往,1
1005,1
顺序,1
occludin,1
MM,1
输血,1
0819,1
简体中文,1
同像,1
插入,1
内容丰富,1
infarct,1
AES,1
下发,1
中缝核,1
八十七,1
就业指导,1
FMRI,1
投掷,1
EJN,1
可买,1
电线,1
0820,1
心肌病,1
全美,1
Dementia,1
湿肺,1
Word,1
枢,1
添塞物,1
上海市,1
脑梗用,1
巡礼,1
成都,1
译者,1
6-29,1
研究会,1
学术年会,1
脑康,1
伴发,1
willis,1
资格考试,1
超了,1
主刀,1
2010,1
迫切,1
发型,1
主持,1
耐受,1
MRP,1
应不应,1
北大医院,1
选神,1
2-309,1
Most,1
北医三院,1
个体化,1
巨额,1
英语水平,1
路程,1
暂行办法,1
的你,1
加药,1
0508,1
钠吗,1
解放军总医院,1
拍砖,1
大腕,1
正面,1
大拇指,1
十句,1
迷案,1
实话,1
http,1
学考博,1
0611,1
学真题,1
闻所未闻,1
帕金斯,1
跑题,1
降纤酶,1
脑磁,1
目标,1
标准版,1
样眼震,1
照相,1
NICE,1
第五第六,1
此例,1
温州,1
DMSO,1
Top1,1
永远,1
花落谁家,1
最外,1
影相,1
良,1
无常,1
煎熬,1
基地,1
探针,1
那种,1
关闭,1
骨质增生,1
写作,1
检查一下,1
About,1
胀气,1
ptt,1
胃炎,1
对此,1
0201,1
八十八,1
卷,1
0202,1
咬伤,1
交界处,1
0203,1
验,1
0211,1
0213,1
0214,1
奔驰,1
居高不下,1
会吗,1
0215,1
令,1
大作,1
泌乳素瘤,1
0222,1
74,1
0310,1
0223,1
0224,1
0225,1
QAQ,1
0226,1
王永炎,1
株,1
0228,1
0510,1
袜套,1
更响呢,1
一览,1
4-,1
难症,1
柔,1
之下,1
宽,1
用尼膜,1
来诊,1
do,1
巾,1
文字,1
买到,1
个病,1
脊源性,1
0303,1
0306,1
留在,1
Simon,1
凝药,1
0308,1
0309,1
0311,1
消,1
0313,1
Acrobat,1
专业术语,1
0314,1
0315,1
至少,1
眼珠,1
mp3,1
0316,1
0317,1
三明治,1
舌痛,1
0318,1
0319,1
0321,1
4.11,1
瓜熟蒂落,1
雷,1
晓,1
团,1
躲避,1
NAHCO3,1
算高渗,1
舒服,1
读书,1
难见,1
VideoCasts,1
四十一,1
拉栓,1
Medisl,1
北京大学人民医院,1
0511,1
CC,1
开口处,1
SIT,1
关节炎,1
安能,1
内板,1
北京同仁医院,1
片中,1
缩短,1
X2cm,1
关联,1
形势,1
所吗,1
太像了,1
技术资格,1
友谊医院,1
下行,1
第三季度,1
胶皮,1
TO,1
烧焦,1
发表文章,1
八大,1
女婴,1
坠,1
醛固酮,1
胆小,1
次眼,1
144,1
CPEO,1
男儿,1
结区,1
弯曲,1
去向,1
股后,1
人在,1
自杀,1
格兰,1
Microneurosurgery,1
亿美元,1
疾病谱,1
Adobe,1
showing,1
infarcts,1
次序,1
老鸟,1
不谈,1
观赏性,1
两件,1
怀孕,1
反对,1
实施,1
经皮,1
髄,1
卧床不起,1
ACC,1
0618,1
高分辨率,1
之家,1
分子量,1
耗,1
Anatomy,1
AE,1
简写,1
青霉素,1
an,1
interesting,1
近代,1
Handbook,1
Autism,1
孤独症,1
聚会,1
指数,1
BDNF,1
终生,1
BMI,1
明言,1
BNA,1
压根,1
周岁,1
重大成果,1
导航系统,1
BT1,1
水瘤,1
风暴,1
Bueaty84,1
游走,1
引导,1
线结,1
钟,1
初探,1
恐超,1
海归,1
一网打尽,1
上海交大,1
嘱咐,1
CblC,1
有限元,1
Rep,1
泌,1
FTD,1
地高辛,1
褥疮,1
from,1
0527,1
chiari,1
CLIPPER,1
KOOS,1
变笨,1
出处,1
后发,1
步,1
武林,1
轻轻松松,1
生长激素,1
迂曲,1
招生简章,1
角度看,1
rt,1
0829,1
cushing,1
cx,1
DAI,1
DTI,1
Duuss,1
MBP,1
攻略,1
eBook,1
EDSS,1
风湿,1
Embo,1
泡,1
头架,1
Z,1
停华法林,1
三嗪,1
选题,1
引起纠纷,1
FGF21,1
20190126,1
FLRAS,1
叫响,1
foxit,1
简洁,1
未出,1
道友,1
樊,1
红核,1
mnss,1
再做,1
中文包,1
大開眼界,1
分版,1
领悟,1
20190316,1
萝卜,1
可塑性,1
根病,1
V180I,1
小男孩,1
some,1
第五次,1
advice,1
Coma,1
姥姥,1
中小医院,1
goodnice,1
Head,1
我待,1
含服吗,1
Jakob,1
Help,1
下颌部,1
下半年,1
is,1
黄小,1
one,1
细,1
突眼,1
how,1
Bauer,1
read,1
困扰,1
HSFC,1
中顶区,1
ys168,1
com,1
H,1
Die,1
IFN,1
等级,1
五十六,1
Betaferon,1
睡,1
链,1
波形,1
IgG,1
五十一,1
晚点,1
20190118,1
wang02,1
天呀,1
Juha,1
张振馨,1
他汀,1
种类,1
七十五,1
天再,1
打脸,1
0307,1
止不住,1
lllll,1
LEUKING,1
小白,1
靠谱吗,1
mannitol,1
韩璎,1
mcao,1
Megaone,1
Merritt,1
闲来无事,1
团块,1
来要,1
Microneurosurgical,1
一要,1
midnights,1
20190209,1
一幕,1
mNSS,1
求颈,1
Morvan,1
Atlases,1
第三次,1
滞后,1
neurological,1
造模,1
Mptp,1
VPD,1
张图,1
兜兜,1
中年男子,1
对椎,1
MRIflair,1
虫蚀,1
张是,1
四日,1
意大利,1
因非,1
自噬,1
Muming,1
的信,1
n2a,1
非电,1
吃虫征,1
增新,1
移花接木,1
附有,1
虫虫,1
版聊,1
含义,1
掉进去,1
命运多舛,1
NEUROBIOLOGY,1
hmm,1
纪勇,1
Neurofunctional,1
外吗,1
安装,1
丙肝,1
重要文献,1
乌灵,1
with,1
有助于,1
自已,1
美的,1
America,1
NGF,1
II,1
局限性,1
行夹闭,1
Nihss,1
荣获,1
CP,1
NOS,1
ommaya,1
Opca,1
五十九,1
体脑桥,1
按图索骥,1
怎办,1
中能,1
oqhweongwkengw,1
Ossama,1
黑质,1
Al,1
OVID,1
医学期刊,1
后眼,1
0509,1
Pernaczky,1
wilson,1
Keyhole,1
抗药性,1
Pubmed,1
Question,1
稳及,1
受害者,1
seizure,1
Cranial,1
Surgical,1
Approaches,1
Roger,1
P,1
1000,1
变傻吗,1
眼往,1
访华,1
到此一游,1
0409,1
Hcy,1
迷津,1
血泡,1
Save,1
远超,1
苯,1
肿瘤性,1
抽血,1
公开课,1
epilepsy,1
家,1
shouxf,1
SIMMON2,1
阴唇,1
轮值,1
率,1
伙伴,1
SSRIs,1
江山,1
strategic,1
LC,1
喷丁,1
姜卫剑,1
福音,1
K,1
徒手,1
大专,1
脑复康,1
summation,1
0406,1
样囊,1
SVN,1
外溢,1
官能,1
盐征,1
神经官能症,1
心律失常,1
RIND,1
中会,1
骨化,1
Top,1
而来,1
就好,1
US,1
肢,1
neuroscience,1
同道中人,1
人不应,1
板障,1
忘不了,1
VALUE,1
VITB12,1
68,1
wallerian,1
weber,1
服华,1
偏向,1
cblC,1
2500,1
见猎心喜,1
科萨科夫,1
干扰素,1
酰,1
wfns,1
0518,1
1016,1
讲习班,1
武汉协和医院,1
头区,1
沪,1
及桥,1
至光感,1
KF,1
ring,1
9.18,1
总部,1
一过,1
一问,1
181,1
单抗,1
ZD,1
books,1
0427,1
ZHOTON,1
浙一,1
饭前,1
来院,1
饮料,1
抗血栓,1
阿托品,1
社稷,1
阿兹,1
保质期,1
心肌炎,1
分歧,1
编写,1
鞍旁,1
医神,1
一半,1
尚不明,1
Principles,1
复诊,1
错了,1
裂入,1
发在,1
0209,1
克氏,1
人民出版社,1
抗吗,1
至关重要,1
八版,1
neurosurgery2002,1
之六,1
食物,1
屈肌,1
20190304,1
0425,1
信念,1
巴氯芬,1
色氨酸,1
Baclofen,1
臀部,1
岁花,1
只用,1
GIF,1
独享,1
递减,1
定位仪,1
听到,1
工作室,1
颞侧,1
半卵园,1
硝苯地平,1
培训费,1
恐,1
具体情况,1
不伴,1
病肠内,1
米,1
越补,1
奉上,1
8-27,1
非常复杂,1
合酶,1
身麻,1
包仕尧,1
背恻,1
脑磁图,1
Highlights,1
spontaneous,1
神解,1
爆表了,1
亿,1
瞳孔放大,1
前一天,1
杨任,1
重庆,1
中枪,1
TOBS,1
北京大学第一医院,1
来源于,1
阿拉法特,1
心得体会,1
因何,1
口吐白沫,1
地球,1
Rey,1
学术活动,1
唾液酸,1
一览表,1
俱乐部,1
期的吗,1
干活,1
记之,1
北京友谊医院,1
终丝,1
摄入,1
潘映,1
辐,1
画家,1
Boss,1
挑错,1
蛰后,1
砍,1
从医,1
十几年,1
看书,1
专硕的吗,1
过缓,1
湿疹,1
欲求,1
补镁,1
出国,1
0416,1
拉西,1
录制,1
1-3,1
坦,1
仰慕,1
甲功,1
应助,1
审核,1
限水,1
介乎,1
醒来,1
风心,1
表情,1
Foix,1
Chavany,1
请原谅,1
哭泣,1
断案,1
学家,1
表扬,1
两只,1
片和德,1
四例,1
胃内,1
病倒,1
悲喜交加,1
医务人员,1
不对称性,1
0903,1
师要,1
打包,1
最爱,1
衫,1
狼疮性,1
现实,1
CASPR2,1
模态,1
中心对称,1
DIAGNOSTIC,1
说错,1
异质性,1
刻板,1
伸,1
英语会话,1
直窦内,1
戏剧性,1
波动,1
0812,1
腕,1
正宗,1
C8,1
体重,1
掉么,1
睡觉时,1
古,1
上期,1
姊妹篇,1
急变,1
此病,1
中山医科大学,1
啥子,1
一日,1
不畅,1
波折,1
学组,1
起伏,1
了吧,1
VA,1
额骨,1
邪门,1
惊心,1
另有,1
换药,1
喘鸣,1
近一年来,1
中看,1
小小的,1
185,1
刀切,1
反时,1
这长,1
学神,1
吊炸天,1
胃肠功能,1
美剧,1
概率,1
通讯录,1
层状,1
外突,1
斜视,1
分析方法,1
补盐,1
太快,1
张表教,1
新途径,1
舌麻,1
出牌,1
咳痰,1
虚惊一场,1
扣分,1
轻中度,1
盲待诊,1
北京医院,1
力奥来素,1
2.25-2.26,1
一目了然,1
巧,1
视角,1
类抗生素,1
扑朔迷离,1
砍伤,1
小试,1
脑源性,1
进老,1
169,1
mhmaaa,1
几届,1
揭秘,1
侧多的,1
第一步,1
公认,1
红绿,1
送上,1
部份,1
开头,1
Parkinson,1
天啦噜,1
文中,1
囊样,1
在线书库,1
中央区,1
名号,1
Migration,1
进阶,1
Tunnel,1
全用,1
like,1
精准,1
MPTP,1
襻,1
大仙,1
牵张,1
窦中,1
牌子,1
1017,1
专帖,1
后侧,1
肠内,1
肠溶,1
产品,1
这方面,1
不当,1
1001,1
蜱,1
看头,1
配方,1
百分之八十,1
乌尔姆,1
脚底,1
名非,1
通脑,1
活络,1
舌瘫,1
伤致,1
着色,1
周孝达,1
朱克,1
hand,1
议一议,1
哒,1
陈为,1
20190213,1
耳部,1
克,1
20190218,1
专享,1
20190220,1
兹,1
相关检查,1
华山论剑,1
未破,1
20190226,1
20190227,1
群里,1
二月份,1
Full,1
0428,1
偷梁换柱,1
20190305,1
魂,1
四十五,1
重申,1
买一送一,1
滞留,1
20190309,1
20190310,1
20190314,1
尽头,1
0401,1
冰箱,1
越来越,1
0405,1
0408,1
良医,1
0410,1
0411,1
0413,1
一四,1
移植手术,1
不让,1
0414,1
吃呢,1
复习功课,1
岁的,1
作怪,1
风雨兼程,1
0421,1
0422,1
做电,1
冰冻,1
0424,1
忧伤,1
猖獗,1
大声,1
0502,1
或氟桂利嗪吗,1
星期,1
金钱,1
0504,1
演出,1
0505,1
长节,1
君,1
0514,1
0515,1
学与,1
0517,1
0519,1
晋中,1
0520,1
迷你,1
0521,1
0522,1
0523,1
足够,1
0524,1
彭,1
扎眼,1
L5,1
0530,1
来个图,1
霍纳,1
1014,1
0601,1
0604,1
0605,1
孔洞,1
碎吸,1
0607,1
陆续,1
0608,1
0609,1
0610,1
铠甲,1
新鲜血液,1
短手,1
满意,1
强烈要求,1
0616,1
0617,1
阻止,1
刀客,1
0512,1
肌张,1
串,1
呼唤,1
0621,1
0622,1
0624,1
12-,1
回赠,1
直窦,1
0625,1
七十二变,1
宽颈,1
0627,1
传到,1
20190312,1
Electronic,1
啤酒,1
0704,1
0323,1
淡忘,1
0327,1
0330,1
0331,1
嘴角,1
所用,1
战友情,1
摄食,1
提要,1
靶向,1
的料,1
献计献策,1
伴多饮,1
白茫茫,1
器质性,1
抽丝剥茧,1
五种,1
紧张度,1
大自血,1
出乎预料,1
渗血,1
还敢,1
一厉,1
提提神,1
鱼腥草,1
大规模,1
当天,1
空泡,1
被告,1
过失,1
拜访,1
PRP,1
穿支,1
广州市,1
征程,1
8-28,1
体现,1
传点,1
刘海若,1
红色,1
特重,1
创新,1
上头,1
性双侧,1
排行榜,1
初期,1
蔓状,1
精髓,1
初识,1
这一,1
胃,1
黄禹锡,1
骗子,1
说起,1
症会,1
20190129,1
表弟,1
递质,1
诺华,1
平山,1
含药,1
湊个,1
打击,1
斗殴,1
惯性,1
能治吗,1
隐藏,1
打听,1
Comtan,1
糜烂性,1
谢过,1
64,1
行性,1
该查,1
裨益,1
脂会,1
投票,1
县级,1
上交,1
一个双,1
补助,1
重现,1
求本,1
投诉,1
感情,1
患肢,1
耗盐,1
SIZDH,1
钉,1
pussp,1
问共分,1
利弊,1
日海,1
精英,1
斑主,1
顱內,1
DNT,1
0619,1
大麻,1
预感,1
强项,1
终,1
之中,1
超出,1
僵,1
琦,1
巨脑,1
远断,1
Valsalva,1
模,1
有腱,1
月初,1
第十四次,1
B12,1
VRML,1
天行,1
之七,1
工伤,1
tRNA,1
大年三十,1
开帖,1
好药,1
小脸,1
七种,1
丶,1
毛发,1
身份,1
住院部,1
及栓线,1
杜彦辉,1
简易,1
Todd,1
横断,1
bodies,1
全横段,1
救了命,1
腕关节,1
病字旁,1
capabilities,1
有髓,1
伟哥,1
恨,1
46,1
总量,1
尿症,1
同型,1
不出,1
浙江,1
滑车,1
双瞳,1
眼支,1
统计,1
无汗,1
后索健,1
研友,1
三十二,1
158,1
破坏性,1
卫士,1
knob,1
beta,1
心情,1
DIAGRAMS,1
求寻,1
pseudoaneurysm,1
抽吸,1
当心,1
伊藤,1
后仰,1
当扎,1
BBS,1
后背,1
元芳,1
小熊猫,1
特约,1
EP,1
兆,1
以待,1
医的,1
胆固醇,1
观摩,1
全本,1
周麻会,1
补钾,1
过后,1
走行,1
越低,1
拼图,1
罪犯,1
滴血,1
等压,1
老年性,1
脑梗去,1
合用,1
计数,1
第二个,1
92,1
转到,1
得同,1
输注,1
连着,1
毛,1
语句,1
第一轮,1
窦性心,1
十万火急,1
动过,1
杂想,1
西蒙,1
瘙痒,1
城版,1
report,1
Aimovig,1
Lambert,1
病急,1
颠覆,1
建模,1
诞生,1
有意识,1
刘建民,1
撤药,1
外籍,1
失声,1
掐,1
视为,1
花费,1
害了,1
整晚,1
tumor,1
低于,1
转后,1
谭启富,1
中易,1
水化,1
枫零玉,1
没弄,1
第七,1
状指,1
Wernekink,1
已给,1
neuropathy,1
渴望,1
证者,1
作品集,1
肽,1
建筑,1
发取,1
区平,1
上新,1
播,1
来势汹汹,1
官方,1
及囊样,1
系统工程,1
问卷,1
谈论,1
园四,1
诊所,1
斯的明,1
入路和术,1
一个半月,1
0707,1
下入,1
eye,1
QST,1
难啊,1
介入性,1
转转,1
八十二,1
天真,1
八十九,1
翻白眼,1
八十五,1
九十三,1
六十九,1
六十六,1
六十七,1
六十三,1
六十四,1
七十二,1
七十九,1
22.2,1
瞧一瞧,1
体部,1
五一,1
假期,1
融栓,1
七十一,1
之八,1
八十,1
八十一,1
实验性,1
丰厚,1
九十一,1
遥不可及,1
2006.8.6,1
七十七,1
Acetylcholinesterase,1
三十八,1
弹片,1
三十四,1
肠道,1
似是而非,1
四十,1
胜利,1
四十八,1
招考,1
圣诞,1
0603,1
四十六,1
q8,1
卧,1
药吗,1
五十八,1
纤颤,1
大部份,1
读研,1
类别,1
主译的,1
muscle,1
MMP,1
杜怡峰,1
上手,1
长效,1
射线,1
再植,1
SWAL,1
重新认识,1
Cavernous,1
sinus,1
面舌瘫,1
打分,1
画线,1
浸润性,1
胆碱钠,1
free,1
知己知彼,1
ON,1
1030,1
20190307,1
不解,1
C2,1
会事,1
代查,1
0802,1
经查,1
下陷,1
躁动,1
年终,1
血药浓度,1
许,1
多日,1
多余,1
乱语,1
妇产医生,1
渴,1
why,1
发凉,1
额顶脑,1
能放,1
昨天上午,1
额窦,1
等候,1
几十张,1
下床,1
真功夫,1
0516,1
20190223,1
评说,1
求王,1
踊跃发言,1
腕管,1
删了,1
结晓,1
断指,1
版际,1
弛缓,1
心动过速,1
三日,1
纠正,1
交代,1
外斜,1
migraine,1
窗内,1
HRS,1
specific,1
ASPECTS,1
憋,1
喘,1
晃动,1
资质,1
黑,1
0813,1
对症,1
升华,1
痉症,1
条抗,1
房缺,1
牵涉痛,1
甲硝唑,1
他司,1
会高吗,1
老书,1
祥见,1
丁友,1
肥胖型,1
匪夷所思,1
病危,1
博士学位,1
到了,1
骨片,1
分裂,1
纤,1
CWI,1
高频,1
Parkinsonism,1
浙,1
模版,1
凝血酶原,1
斑,1
备皮,1
愤怒,1
附院,1
前台,1
Hand,1
答辩,1
达标,1
年间,1
一帖,1
周年纪念,1
134,1
少男,1
辅酶,1
母,1
Q10,1
万金油,1
极品,1
0407,1
难住,1
附上,1
为宜,1
库兴,1
好久没,1
这肿,1
写生,1
虚像,1
6.28,1
不同寻常,1
哪本,1
有何高见,1
惹,1
ALD,1
接待处,1
的祸,1
学上,1
致密,1
震撼,1
副蛋白,1
改在,1
无名氏,1
哪呢,1
各个击破,1
慢慢,1
戚,1
q4,1
奉吗,1
替代物,1
举报,1
鸡肋,1
扑翼样,1
坏疽,1
FSI,1
大伟,1
卓越贡献,1
XDJM,1
后氯比,1
后天,1
可行性,1
相结合,1
刚出生,1
连线,1
刚发,1
失认,1
脸部,1
刚看,1
板,1
红细胞,1
高考状元,1
心动,1
高强度,1
胸廓,1
超难,1
传略,1
声,1
嘶,1
NGS,1
同是,1
内好,1
tia,1
穴位,1
血塞通,1
通了,1
医案,1
回归,1
普利,1
高脂血症,1
精细,1
跪,1
芭雷,1
火热,1
隔壁,1
震颜,1
到吗,1
第几,1
危,1
天亡,1
Bect,1
你们好,1
书时,1
性抗,1
cool,1
电级,1
听过,1
神研,1
单纯性,1
差错,1
光怪陆离,1
百战不殆,1
有多强,1
记性,1
华勒,1
炼成,1
收集整理,1
横窦,1
Broca,1
第三步,1
造影术,1
转正,1
zhtm2000,1
好去处,1
Temodar,1
斑助,1
未果,1
实像,1
何解,1
wiliis,1
所得,1
容积,1
无汗呢,1
股骨,1
粗隆间,1
170,1
晒个,1
利与弊,1
喷血,1
承办,1
TUNEL,1
6542,1
年制,1
Text,1
爆炸,1
CHIARI,1
CSW,1
需双,1
警世,1
OPCAB,1
阿尔茨海默氏症,1
168,1
瞧病,1
圣殿,1
曼彻斯特大学,1
后华法林,1
baller1979,1
分三型,1
舒伐,1
研究成果,1
脑梗赛,1
次数,1
授权,1
加快,1
立法,1
外祖父,1
CMB,1
金星,1
慢行,1
DBI,1
最常问,1
搭桥,1
新作,1
消化,1
丨,1
20020902,1
苏,1
急剧,1
钦佩,1
北京大学,1
杏仁,1
核电,1
逃逸,1
陈述,1
做法,1
死去,1
吴波,1
Imaging,1
省级,1
停不下,1
双额,1
误吸,1
伴右,1
商品,1
吃定,1
光光,1
京东,1
广西,1
纪,1
关爱,1
有见,1
一看,1
新鲜出炉,1
0206,1
加巴,1
卫,1
Department,1
多一些,1
American,1
扣带回,1
快递,1
现查,1
重组,1
读读,1
头征,1
服务,1
TI,1
头面,1
20190203,1
我点,1
为亚,1
哈尔滨,1
呜呜,1
断裂,1
上图,1
行走不便,1
隐去,1
豪斯,1
享用,1
JNC,1
后右,1
IHC,1
喝,1
酒,1
外科医生,1
口才,1
跳舞,1
秒左右,1
陈旧,1
染色体,1
幻视,1
显性,1
青斑,1
二线,1
基本原理,1
发脑,1
十余张,1
匝,1
喵,1
拨茧,1
看吧,1
亨廷顿,1
后要,1
现行,1
经常出现,1
碱中毒,1
好巧,1
胡椒,1
天敌,1
Weighted,1
百例,1
有问有答,1
先说,1
gulang100,1
湖北,1
十堰,1
扑,1
汉化,1
美餐,1
SF,1
华北,1
煤炭,1
1223,1
哪来,1
液平,1
局长,1
马蜂,1
画钟,1
量化,1
时问,1
一声,1
周二,1
筛漏,1
晃,1
塞入,1
内收,1
wxzzh,1
训练班,1
不降,1
环枕部,1
搁浅,1
糟心,1
79,1
越来越重,1
内有,1
斑点状,1
资料齐全,1
足部,1
宏,1
天幕,1
罗顿,1
后方,1
whipple,1
县,1
神操,1
转醒,1
报名,1
园邀,1
strokeinprogression,1
diagnosis,1
故障,1
下段,1
揭密,1
否认,1
哪些方面,1
DeJong,1
20190303,1
多普勒,1
第一集,1
陌生,1
神内学,1
摆动,1
阿兹海默症,1
一副,1
南大,1
左右为难,1
老赵,1
易错,1
瓣膜病,1
包扎,1
二区,1
Marburg,1
type,1
脑扩,1
骨孔用,1
忙碌,1
高亮,1
安理申,1
展示,1
美女,1
降脂,1
桌上,1
梳子,1
将来,1
挂,1
水死了,1
接回,1
取栓前,1
发白,1
0930,1
集思广议,1
读一读,1
iPSC,1
英汉双,1
语,1
003,1
爪,1
降压片,1
留学,1
若隐若现,1
穹隆,1
可别,1
迷恋,1
间入,1
预料,1
袖珍版,1
美式,1
HEALSME,1
cas,1
0.5,1
断后,1
在线播放,1
脊髓灰质炎,1
大幅,1
抗惊厥,1
心肌梗死,1
Spine,1
诉来诊,1
Section,1
Editor,1
转送,1
加兰,1
家中,1
一台,1
肯请,1
三院,1
会议纪要,1
静注,1
准,1
甲状腺,1
烦燥,1
畏寒,1
香港,1
伴同,1
困倦,1
国家药品监督管理局,1
EI,1
目的,1
出吗,1
收藏夹,1
设,1
外来,1
专题报道,1
见的,1
稳扎稳打,1
强哭,1
强笑,1
渐起,1
发散,1
0623,1
江湖,1
惊现,1
闻,1
稍后,1
是何,1
四年,1
引出,1
脚气病,1
orSAH,1
TIAs,1
步步,1
劫后余生,1
97,1
北京军区总医院,1
走出,1
禁药,1
1130,1
利福平,1
Tuberous,1
虚汗,1
Sclerosis,1
中糖,1
李麟荪,1
分坛,1
sci,1
列表,1
借贵,1
今年过年,1
IMAGING,1
20190217,1
受贿罪,1
有幸,1
遭遇,1
刚作,1
见习,1
关切,1
没法子,1
投影,1
啥呢,1
未整,1
兴奋,1
倒置,1
供体,1
三搏,1
一二,1
大肠杆菌,1
主观性,1
的脑,1
Youmans,1
麻痛,1
Flag,1
鸡蛋,1
数日,1
事关,1
醒目,1
SIP,1
实在太,1
vitamin,1
万万不可,1
没事,1
通宵,1
使鞍上,1
塌陷,1
羊水,1
经额,1
桡动脉,1
yasargil,1
对象,1
诚邀,1
能被,1
脑压会,1
惊恐,1
耐药性,1
传染性,1
毛病,1
2004.03,1
infection,1
聋哑人,1
礼品,1
谨慎,1
看清,1
亲家,1
锤,1
冤家,1
诊查,1
T,1
血型,1
形口,1
海曼,1
窦漏,1
分为,1
几段,1
长段,1
复合,1
加腔,1
成形,1
的呢,1
brudzinski,1
比对,1
不抗,1
补全,1
够不够,1
mass,1
严谨,1
开门,1
胫,1
胶,1
ACS,1
颐蜜,1
顶端,1
脑梗能,1
环枢椎,1
伴三型弓,1
尸,1
西,1
凯时,1
抗痫药,1
恩,1
的图,1
人员,1
喊,1
甘油三酯,1
不远,1
搞笑,1
免疫抑制,1
双煞,1
139,1
小鸟,1
著的,1
待会,1
区腔隙,1
第八,1
肌源性,1
六岁,1
推断,1
家兔,1
第一个,1
广东,1
考博题,1
观潮,1
尿路,1
芯片,1
业务学习,1
吸术,1
神秘,1
科研项目,1
学研,1
致脑心,1
有多低,1
可不可以,1
可供参考,1
趴着,1
MERS,1
Symptomatic,1
郊游,1
耗子药,1
录取,1
MrI,1
3333333,1
缎带,1
算不算,1
镜面,1
课本,1
咖之,1
迷信,1
叩诊,1
南,1
枕线,1
上裂,1
自体,1
镰硬膜,1
奶奶,1
白花花,1
颅中窝底,1
来点,1
降张,1
CM,1
压水,1
滥用,1
大金句,1
无高,1
肌炎吗,1
COMT,1
0326,1
肢瘫,1
新策略,1
步伐,1
发性,1
写下,1
奇迹,1
存活,1
力腱,1
cerebral,1
angiograms,1
类固醇,1
累,1
八九十,1
Systems,1
李泽民,1
两本,1
猜测,1
讨,1
PBL,1
47,1
你会开,1
看吗,1
相符合,1
精析,1
溶剂,1
office,1
各叙,1
新来,1
运动神经,1
百度,1
临界,1
吃官司,1
前束,1
淋巴细胞,1
养生,1
后前,1
凌峰,1
016,1
重获,1
胃复安后,1
老外,1
加个,1
检查报告,1
看不到,1
原帖,1
毒药,1
